ppi,non_struct_label,str_label
A0A024RBG1:O75695,0,-1
A0A024RBG1:P29460,0,-1
A0A075B6R9:Q5BJF2,0,-1
A0A075B6S6:Q1ED39,0,-1
A0A075B767:Q16236,0,-1
A0A087WV53:Q70HW3,0,-1
A0A087WW87:P30556,0,-1
A0A087WWA1:O95837,0,-1
A0A087WWA1:Q49A17,0,-1
A0A096LP55:Q96Q83,0,-1
A0A0A6YYL3:P47869,0,-1
A0A0B4J1U6:A0A0B4J268,1,1
A0A0B4J1U6:P01889,1,1
A0A0B4J268:A0A0B4J268,1,1
A0A0B4J268:A0A5B6,1,1
A0A0B4J268:P01889,1,1
A0A0B4J268:P61769,0,-1
A0A0B4J272:A0A5B9,1,1
A0A0B4J272:Q6EMK4,0,-1
A0A0J9YWL9:Q6T311,0,-1
A0A0J9YWL9:Q701N2,0,-1
A0A0J9YX57:Q99471,0,-1
A0A0U1RQE8:P54709,0,-1
A0A0U1RRE5:Q3LI73,0,-1
A0A0U1RRE5:Q8NBT0,0,-1
A0A183:Q5BLP8,0,-1
A0A1B0GTQ4:Q15942,0,-1
A0A1B0GTR3:Q9NRI5,0,-1
A0A1B0GTS1:Q9Y6Z2,0,-1
A0A1B0GUS0:Q2M2E3,0,-1
A0A1B0GV85:Q4G0S4,0,-1
A0A1B0GV85:Q5T0J7,0,-1
A0A1B0GW35:O75821,0,-1
A0A1W2PQ64:Q9HBT8,0,-1
A0A1W2PR19:Q9BTP7,0,-1
A0A1W2PRN6:Q9NXG2,0,-1
A0A5B9:A0A5B9,1,1
A0A5B9:P01848,1,1
A0A5B9:P01889,1,1
A0AVT1:O15205,1,-1
A0JLT2:Q16594,0,0
A1L168:P0C7M3,0,-1
A2RU14:Q4KMG9,-1,-1
A2RUQ5:O95521,0,-1
A2RUQ5:P20265,0,-1
A4D2B0:A4D2B0,1,1
A4GXA9:P54793,0,-1
A4QMS7:Q9Y6A4,-1,-1
A5D6W6:Q495X7,0,-1
A5PLL1:P01920,0,-1
A5PLL1:Q71DI3,0,-1
A5YM69:O95139,0,-1
A6NCE7:Q8NET5,0,-1
A6NCL1:Q5SZD1,0,-1
A6NCS6:P50747,0,-1
A6NCW0:A8K4G0,0,-1
A6ND01:A6ND01,1,1
A6ND01:O95073,0,-1
A6ND01:Q75V66,0,-1
A6ND36:Q92769,0,-1
A6ND48:P02008,0,-1
A6NDI0:P84085,0,-1
A6NF83:P51570,0,-1
A6NFY4:Q9HB19,0,-1
A6NH00:A8MVJ9,0,-1
A6NK97:Q07654,0,-1
A6NKF2:Q5T749,0,-1
A6NKH3:Q8N3F9,0,-1
A6NL08:Q8WW59,0,-1
A6NLP5:O75438,0,-1
A6NMX2:O75473,0,-1
A6NN92:Q5VT79,0,-1
A6NNB3:O95182,0,-1
A6NNE9:O43543,0,-1
A6NNE9:Q5VVY1,0,-1
A6NNE9:Q8IWT0,0,-1
A6NNL0:Q5VTD9,0,-1
A6NNM8:O15520,0,-1
A6NNW6:O60831,0,-1
A6PVC2:O43663,0,-1
A7MD48:P01763,0,-1
A7XYQ1:Q13217,0,-1
A8K4G0:P62241,0,-1
A8K7I4:Q4U2R8,0,-1
A8K8V0:P16284,0,-1
A8MPY1:Q86YF9,0,-1
A8MQ03:P26371,-1,-1
A8MQ03:P27918,-1,-1
A8MQ03:Q96H86,-1,-1
A8MQ27:O60711,0,-1
A8MT69:A8MT69,1,1
A8MTZ0:A8MTZ0,0,0
A8MUP2:O75716,-1,-1
A8MXD5:Q9H9H5,0,-1
B1AK53:Q8N292,0,-1
B1AL88:O43257,0,-1
B4E2M5:P46976,0,-1
B6SEH8:Q9NUN5,0,-1
B7Z8K6:B7Z8K6,0,0
B7Z8K6:P04234,1,1
B7Z8K6:P07766,1,1
B7Z8K6:P09693,1,1
B7Z8K6:P0CF51,0,1
B7Z8K6:P20963,1,1
B7Z8K6:Q96RP8,0,-1
B7ZAQ6:Q8IXJ6,0,-1
B8ZZ34:Q96LB1,0,-1
C9J1S8:P40306,0,-1
C9JCN9:Q9BUL5,0,-1
E9PGG2:Q8N4L2,0,-1
E9PQ53:O75610,0,-1
E9PRG8:P62424,0,-1
E9PRG8:Q02878,0,-1
O00115:Q8WYK2,0,-1
O00154:O14810,0,-1
O00180:Q92979,0,-1
O00206:P58753,1,-1
O00206:Q86XR7,1,-1
O00206:Q99836,1,-1
O00206:Q9NPH5,1,-1
O00206:Q9Y6Y9,1,1
O00217:O14957,-1,0
O00217:O15239,1,1
O00217:O43181,1,1
O00217:P03923,-1,-1
O00233:O43865,-1,-1
O00303:P62277,-1,0
O00311:P49736,1,-1
O00311:Q9UBU7,1,1
O00442:P14652,0,-1
O00459:Q96HT8,-1,-1
O00488:P32969,-1,0
O00488:P61927,-1,0
O00522:P61224,1,1
O00623:P29033,-1,-1
O00623:Q6UWT4,-1,-1
O00626:P0CJ89,0,-1
O00716:P01213,0,-1
O00767:Q8TED1,-1,-1
O14494:Q9BXY4,0,-1
O14503:Q15038,-1,-1
O14508:O14508,1,1
O14508:Q15369,1,1
O14508:Q15370,1,1
O14558:Q8NBB4,0,-1
O14561:O43677,-1,0
O14561:O75380,-1,0
O14561:Q4U2R6,-1,0
O14639:Q9P2I0,0,-1
O14641:Q96GG9,-1,-1
O14653:O94855,1,1
O14662:Q9Y6E7,0,-1
O14807:O14807,-1,0
O14807:P62136,1,1
O14807:Q9UQ13,1,1
O14810:P49674,0,-1
O14818:O14818,1,0
O14818:P28065,1,0
O14818:P49721,1,1
O14818:P60900,1,1
O14818:P62191,1,1
O14880:P10619,-1,-1
O14893:O14893,-1,0
O14893:P62304,1,1
O14893:P62306,1,1
O14893:P62308,1,1
O14893:P62314,1,1
O14893:P62316,1,1
O14893:Q16637,1,1
O14901:P51674,-1,-1
O14901:Q8N490,0,-1
O14948:O75558,0,-1
O14949:O95298,-1,0
O14949:Q9Y6M9,-1,-1
O14957:P49821,-1,-1
O14964:Q96HW7,1,-1
O14964:Q96M63,1,-1
O14964:Q96MT8,1,-1
O14964:Q99732,1,-1
O14964:Q99816,1,1
O14964:Q9BUZ4,1,-1
O14964:Q9H9H4,1,-1
O14964:Q9Y577,1,-1
O14964:Q9Y5V3,1,-1
O15143:O15145,1,-1
O15143:P61158,1,0
O15145:P59998,1,0
O15151:P61964,-1,-1
O15155:Q13520,-1,-1
O15198:Q13485,1,-1
O15212:O15212,0,0
O15212:P40227,1,1
O15212:P50990,1,1
O15212:P50991,1,1
O15212:P61758,1,1
O15212:Q99471,1,1
O15212:Q9NQP4,1,1
O15234:P38919,1,1
O15234:P61326,1,1
O15234:Q96A72,1,1
O15235:Q7Z2W9,-1,-1
O15235:Q8N983,-1,0
O15235:Q9BYD6,-1,0
O15235:Q9NZE8,-1,0
O15255:Q9Y478,0,-1
O15273:P50461,1,-1
O15372:P62857,-1,-1
O15372:Q9UBQ5,1,1
O15372:Q9Y262,1,1
O15379:P07360,0,-1
O15392:O15392,1,1
O15392:P68431,1,1
O15392:Q53HL2,1,1
O15392:Q9NQS7,1,0
O15400:Q8N5K1,-1,-1
O15403:P06731,0,-1
O15467:Q9UHD9,-1,-1
O15499:Q8N0Y2,-1,-1
O15504:O15504,1,1
O15504:Q53GS7,1,1
O15504:Q9UMR2,-1,-1
O15514:P19388,1,0
O15541:P41223,-1,0
O43148:Q9BS34,0,-1
O43181:P14927,-1,0
O43181:P56181,1,1
O43181:P56556,1,1
O43181:Q16718,1,1
O43181:Q16795,1,1
O43181:Q9UI09,1,1
O43182:P48741,0,-1
O43290:Q9H3Z4,0,-1
O43364:Q8TAX7,0,-1
O43447:P62316,-1,0
O43447:Q9Y333,-1,-1
O43448:O60669,0,-1
O43463:Q6NXT2,-1,-1
O43502:O43502,0,0
O43502:O43543,1,1
O43502:O75771,1,1
O43504:O43504,1,1
O43504:Q07869,-1,-1
O43504:Q0VGL1,1,1
O43504:Q6IAA8,1,1
O43504:Q86TG7,-1,-1
O43504:Q9HB90,1,0
O43504:Q9UHA4,1,1
O43504:Q9Y2Q5,1,1
O43506:Q5T292,0,-1
O43513:O60244,1,1
O43513:O95402,1,1
O43513:Q8IWL1,0,-1
O43521:Q16548,1,1
O43543:O43543,0,0
O43543:O75771,1,1
O43543:P19957,0,-1
O43543:Q8N4P3,0,-1
O43557:O43557,1,1
O43561:Q9GZY8,-1,-1
O43566:P63096,1,1
O43567:O43567,1,1
O43567:P62837,1,1
O43583:O43583,1,1
O43583:P08708,-1,0
O43583:P62277,-1,0
O43583:P63220,-1,1
O43583:Q8IWZ5,0,-1
O43586:P62487,0,-1
O43586:Q5T2D3,0,-1
O43586:Q6NXR4,0,-1
O43592:P01571,0,-1
O43609:Q6P2C8,0,-1
O43610:P56945,0,-1
O43615:Q5SY16,0,-1
O43639:Q6DD88,0,-1
O43653:Q9BVK8,-1,-1
O43660:O43660,1,1
O43660:Q13356,1,1
O43660:Q15029,1,1
O43660:Q99459,1,1
O43660:Q9BZJ0,1,1
O43660:Q9NW64,1,1
O43660:Q9P013,1,1
O43665:P08754,1,1
O43670:Q6E0U4,0,-1
O43674:O43676,1,1
O43674:O43677,-1,0
O43674:O43920,1,1
O43676:O75251,-1,0
O43676:Q9NX14,-1,0
O43677:P31930,-1,-1
O43678:O95298,-1,0
O43678:P03905,-1,0
O43678:P56181,-1,-1
O43679:Q9BVM4,-1,-1
O43681:O43681,1,1
O43699:P34910,0,-1
O43709:P62244,-1,0
O43709:P62249,1,0
O43709:P62266,1,1
O43709:P62269,-1,0
O43709:P62701,-1,0
O43709:P62753,-1,0
O43709:P62847,-1,0
O43709:P62861,-1,0
O43709:Q2NL82,-1,-1
O43741:P0CG21,-1,-1
O43741:P54619,1,1
O43759:Q9NUH8,-1,-1
O43760:O60883,0,-1
O43768:P25686,0,-1
O43809:O43809,1,1
O43809:Q12908,0,-1
O43809:Q16630,1,1
O43809:Q8N684,1,1
O43813:Q9UHR4,-1,-1
O43824:O43824,0,0
O43824:Q16540,-1,0
O43824:Q4U2R6,-1,-1
O43829:Q5T7W7,-1,-1
O43837:P50213,1,1
O43837:P51553,1,1
O43865:P42773,1,-1
O43889:P01374,1,-1
O43889:P02724,1,-1
O43889:P05090,1,-1
O43889:P17302,1,-1
O43889:P24593,-1,-1
O43889:P29972,1,-1
O43900:Q9BXB7,0,-1
O43908:Q9HBM6,0,-1
O43920:P47985,-1,-1
O43921:O43921,0,0
O43929:Q8N6I1,0,-1
O60234:Q9UIR0,0,-1
O60260:O95630,-1,-1
O60262:P62873,1,-1
O60262:P62879,1,-1
O60271:P62330,1,1
O60291:Q99816,1,-1
O60306:Q96NB3,1,-1
O60306:Q9NW64,1,1
O60341:O95863,1,1
O60341:P68431,1,1
O60383:P20073,-1,-1
O60603:P58753,1,-1
O60609:Q5T4W7,1,1
O60636:P01780,0,-1
O60671:O60921,1,1
O60676:Q8IWX5,0,-1
O60678:P15880,1,-1
O60682:P15884,1,-1
O60687:O95169,0,-1
O60704:P15144,0,-1
O60711:P57768,0,-1
O60759:P50579,0,-1
O60759:Q6TDP4,0,-1
O60783:P82663,-1,0
O60783:P82673,1,1
O60783:P82914,-1,0
O60783:Q16540,-1,-1
O60784:P0DM35,0,-1
O60809:O95715,0,-1
O60811:P51685,0,-1
O60811:Q86Y79,0,-1
O60812:P58743,0,-1
O60814:O60814,1,1
O60814:P04908,1,1
O60814:P62805,1,1
O60814:Q71DI3,1,1
O60831:P80188,0,-1
O60869:Q9NX58,-1,0
O60870:P08579,-1,-1
O60870:P62306,-1,0
O60870:P62308,-1,-1
O60870:P62316,-1,-1
O60870:P62318,-1,-1
O60880:O60880,1,1
O60880:Q5VUJ9,0,-1
O60888:O60888,1,1
O60894:O60894,1,1
O60930:O60930,1,1
O60934:P49959,1,1
O60936:O60936,1,1
O60939:O60939,1,1
O75015:P01857,1,1
O75031:Q9Y2P0,-1,-1
O75144:P00797,0,-1
O75190:Q9UII2,0,-1
O75251:Q9NUD7,0,-1
O75311:Q9P0G3,0,-1
O75317:Q9GZM8,0,-1
O75347:P00739,0,-1
O75356:Q96P16,0,-1
O75379:Q8WWF3,-1,-1
O75380:P00156,-1,0
O75380:Q9UI09,1,1
O75380:Q9Y6M9,-1,-1
O75394:Q8TAE8,1,1
O75394:Q8TCC3,-1,-1
O75394:Q96CB9,1,1
O75394:Q9H4K7,-1,-1
O75394:Q9NZE8,1,1
O75396:O95486,1,1
O75396:Q15436,1,1
O75409:Q8ND90,0,-1
O75425:P11912,-1,-1
O75438:O95167,-1,0
O75438:P14927,-1,0
O75452:P62913,0,-1
O75489:O95169,1,-1
O75489:O95178,-1,0
O75489:O95298,-1,0
O75493:Q9NQ39,0,-1
O75496:O75496,1,1
O75503:P61981,0,-1
O75503:Q8N7P3,0,-1
O75506:O75506,1,1
O75521:P34910,0,-1
O75525:P09234,-1,-1
O75525:P15880,0,-1
O75530:O75530,1,1
O75530:Q15910,1,1
O75530:Q8N4S9,0,-1
O75541:Q6IEZ7,0,-1
O75554:O75554,0,0
O75554:P62304,-1,0
O75554:P62306,-1,0
O75554:P62308,-1,0
O75554:P62314,-1,-1
O75554:P62316,-1,0
O75554:P62318,-1,-1
O75554:P83876,1,1
O75554:Q2TAY7,-1,0
O75558:O75558,1,-1
O75558:Q2MJR0,0,-1
O75558:Q86XW9,0,-1
O75570:P20061,0,-1
O75575:Q16533,-1,-1
O75586:Q13503,1,-1
O75593:Q15796,1,-1
O75596:Q9NV12,0,-1
O75603:Q9UBR4,-1,-1
O75604:P62987,-1,-1
O75607:Q5GH76,0,-1
O75608:O75608,1,1
O75610:Q8IWZ6,0,-1
O75628:O75628,1,1
O75628:Q5SRI9,0,-1
O75629:O75629,1,1
O75631:P62081,0,-1
O75636:O75636,1,1
O75648:P22760,0,-1
O75663:O75663,1,1
O75683:Q6NXT4,0,-1
O75711:P62263,0,-1
O75715:Q6NXT4,0,-1
O75771:O75771,-1,0
O75787:Q15904,1,1
O75792:O75792,1,1
O75821:Q99613,1,0
O75822:O75822,1,1
O75822:P05198,-1,-1
O75822:P62266,1,1
O75822:P62861,1,1
O75828:Q5QGZ9,0,-1
O75830:Q658L1,0,-1
O75830:Q99626,0,-1
O75899:P62873,1,1
O75934:P10620,0,-1
O75935:Q9UKA8,0,-1
O75952:Q08116,0,-1
O75964:P18859,-1,0
O75971:Q5TZK3,0,-1
O75971:Q8IVV8,0,-1
O76011:Q53S33,-1,-1
O76011:Q9NSB4,-1,-1
O76014:P01570,0,-1
O76054:P54922,0,-1
O76076:O95416,0,-1
O94888:Q02548,-1,-1
O94906:O94906,1,0
O94906:P55769,1,1
O94906:P83876,1,1
O94906:Q8WWY3,1,1
O94907:Q96MU8,1,1
O94919:P49918,0,-1
O94925:P57764,0,-1
O94927:P41220,-1,-1
O94927:Q96CS2,1,1
O94941:P40692,1,-1
O94941:P51668,-1,-1
O94941:P51965,-1,-1
O94956:P53999,0,-1
O94972:Q4KMG9,0,-1
O94973:Q8N8F7,0,-1
O94989:Q6UVJ0,0,-1
O95006:Q96DZ7,0,-1
O95059:Q7Z5A4,0,-1
O95076:Q8IYR6,0,-1
O95136:Q6P1J9,0,-1
O95139:O95139,0,0
O95139:O95167,-1,0
O95139:O95168,-1,0
O95139:O95169,-1,-1
O95139:O95178,-1,0
O95139:O95182,-1,0
O95139:O95298,-1,0
O95139:P03901,-1,0
O95139:P08574,-1,0
O95139:Q86Y39,-1,-1
O95147:O95147,1,1
O95147:P05187,0,-1
O95149:Q14974,1,1
O95154:O95154,1,1
O95156:P58215,0,-1
O95156:P62277,0,-1
O95156:Q5GH77,0,-1
O95156:Q6UWJ8,0,-1
O95157:Q15750,-1,-1
O95164:Q9H8Y8,-1,-1
O95166:O95166,1,1
O95167:O95167,0,0
O95167:O95168,-1,0
O95167:O95169,-1,-1
O95167:O95178,-1,0
O95167:O95182,-1,0
O95167:O95298,-1,0
O95167:O96000,-1,0
O95167:P08574,-1,0
O95167:Q86Y39,-1,-1
O95168:O95168,0,0
O95168:O95169,1,1
O95168:O95178,-1,0
O95168:O95182,-1,0
O95168:O95298,1,1
O95168:O96000,1,1
O95168:P08574,-1,-1
O95168:Q86Y39,-1,-1
O95169:O95169,0,0
O95169:O95178,1,1
O95169:O95182,-1,0
O95169:O95298,-1,0
O95169:O96000,1,1
O95169:P08574,-1,0
O95169:Q86Y39,-1,0
O95170:Q4LDG9,0,-1
O95178:O95178,0,0
O95178:O95182,-1,0
O95178:O95298,-1,1
O95178:O96000,-1,0
O95178:P03886,-1,0
O95178:P08574,-1,-1
O95178:P14927,-1,0
O95178:Q86Y39,-1,-1
O95182:O95182,0,0
O95182:O95298,-1,-1
O95182:O95299,-1,-1
O95182:O96000,-1,-1
O95182:P08574,-1,-1
O95182:P51970,-1,-1
O95182:Q86Y39,-1,-1
O95190:P11926,1,-1
O95198:P50895,1,-1
O95210:Q5TFE4,0,-1
O95229:Q16877,0,-1
O95251:P62805,1,-1
O95257:O95257,1,1
O95257:O95865,-1,-1
O95295:Q6QNY1,1,-1
O95295:Q96EV8,1,-1
O95295:Q9NV70,1,-1
O95297:O95297,1,1
O95298:O95298,0,0
O95298:O95299,1,1
O95298:O96000,1,1
O95298:P08574,-1,-1
O95298:P22695,-1,-1
O95298:P51970,1,1
O95298:Q86Y39,1,1
O95298:Q9NX14,1,1
O95299:Q16718,1,1
O95299:Q9NX14,1,1
O95371:P01282,0,-1
O95429:Q8TBR4,0,-1
O95456:P28070,-1,-1
O95478:P35268,-1,-1
O95478:P40429,-1,0
O95478:P50914,-1,-1
O95562:Q9H6H4,-1,-1
O95630:P61968,0,-1
O95684:Q49AG3,0,-1
O95704:Q6UW32,0,-1
O95721:O95721,1,1
O95721:P56962,1,1
O95750:P20042,0,-1
O95754:Q6ZMJ4,0,-1
O95777:P08621,-1,-1
O95777:P14678,1,0
O95777:P62310,1,1
O95777:P83876,-1,0
O95777:Q13387,-1,-1
O95777:Q9BWJ5,-1,0
O95777:Q9Y333,1,1
O95777:Q9Y4Z0,1,1
O95786:P62987,1,1
O95813:P27105,0,-1
O95825:Q5T2L2,0,-1
O95834:Q49A92,0,-1
O95841:Q10588,0,-1
O95843:P40938,0,-1
O95848:Q6UB28,0,-1
O95857:P54257,0,-1
O95859:Q9H2A7,-1,-1
O95861:Q9BT40,0,-1
O95863:Q14974,1,1
O95868:P62280,0,-1
O95870:Q96DZ7,-1,-1
O95881:Q68DK7,0,-1
O95918:Q4G0M1,0,-1
O95931:Q0D2K0,0,-1
O95931:Q7RTU0,0,-1
O95931:Q8NFH5,0,-1
O95971:O95971,1,1
O95983:O95983,1,1
O95983:Q86YP4,1,-1
O95983:Q9Y5W3,0,-1
O95994:O95994,1,1
O95995:P01591,0,-1
O95999:O95999,1,1
O96000:O96000,0,0
O96000:P08574,-1,-1
O96000:Q86Y39,-1,-1
O96004:O96004,1,-1
O96007:O96007,1,1
O96008:O96008,1,1
P00156:P56556,-1,0
P00403:P00403,0,0
P00414:Q9Y3C1,0,-1
P00813:Q8N490,0,-1
P00995:Q9UJK0,0,-1
P01116:P01116,1,1
P01116:P02647,1,1
P01116:P10321,1,-1
P01160:P03372,-1,-1
P01178:P62873,0,0
P01185:P47881,0,-1
P01210:P01210,0,0
P01210:P59768,0,0
P01210:P62873,0,0
P01210:P63096,0,0
P01210:Q96LB2,1,1
P01215:Q9BYD6,0,-1
P01270:P55344,0,-1
P01270:Q9BRJ6,0,-1
P01344:P01344,0,0
P01350:Q5T0B9,0,-1
P01374:P01374,1,1
P01374:Q9BRI3,1,-1
P01563:P01563,1,1
P01566:Q24JQ0,0,-1
P01574:P01574,1,1
P01579:P01579,1,1
P01584:P01584,1,1
P01589:Q6P1R3,0,-1
P01594:P01594,1,1
P01597:P01597,1,1
P01709:Q9BWQ6,0,-1
P01730:P01903,1,1
P01732:P01732,1,1
P01764:Q495B1,0,-1
P01834:P40259,0,-1
P01848:Q30154,1,1
P01850:P01850,1,1
P01850:P01889,1,1
P01850:P01911,1,1
P01850:Q30154,1,1
P01854:P06734,1,1
P01857:P01857,1,1
P01857:P58004,0,-1
P01859:P01859,1,1
P01861:P01861,1,1
P01871:P01871,1,1
P01877:P01877,1,1
P01889:P01889,1,1
P01889:Q9Y3D9,0,-1
P01909:P01909,1,1
P01909:P01920,1,1
P01911:P01911,1,1
P01911:P02686,1,1
P01911:P06733,1,1
P01911:P40967,1,1
P02042:Q15907,0,-1
P02545:P50402,1,-1
P02647:P02647,1,1
P02647:P83110,0,-1
P02654:Q5T1C6,0,-1
P02671:Q8IXL6,1,-1
P02675:P02675,1,1
P02675:P02679,1,1
P02679:P02679,1,1
P02679:P05106,1,-1
P02686:P50750,1,-1
P02686:Q30154,1,1
P02745:P02747,1,1
P02747:P02747,1,1
P02748:P02748,1,1
P02753:P02753,1,1
P02753:P02766,1,1
P02760:P02760,1,0
P02763:P05121,1,-1
P02765:P60953,-1,-1
P02766:P02766,1,1
P03891:Q9NWF4,0,-1
P03897:P56181,-1,-1
P03901:Q16795,-1,0
P03923:Q86Y39,-1,-1
P03928:P0DPK4,0,-1
P04004:Q9BT81,0,-1
P04070:P67870,-1,-1
P04083:Q6P5S2,-1,-1
P04085:Q9NQS1,0,-1
P04141:P04141,1,1
P04141:P15509,1,1
P04141:P32927,1,-1
P04141:P50222,1,-1
P04150:P07900,1,1
P04150:P48552,1,-1
P04150:P51398,-1,-1
P04150:P63104,1,1
P04150:P63279,-1,-1
P04150:Q04917,-1,-1
P04216:Q9UGI8,0,-1
P04234:P04234,0,0
P04234:P07766,1,1
P04234:P09693,1,1
P04234:P0CF51,0,1
P04234:P20963,1,1
P04271:Q9NZF1,0,-1
P04439:P04439,1,1
P04637:P04637,1,1
P04637:P04908,-1,0
P04637:P06899,-1,-1
P04637:P19388,1,1
P04637:P20248,1,1
P04637:P26447,1,-1
P04637:P27694,1,1
P04637:P30876,1,1
P04637:P31947,1,1
P04637:P32780,1,1
P04637:P36954,0,-1
P04637:P48730,1,-1
P04637:P49841,1,-1
P04637:P50750,1,-1
P04637:P53803,1,1
P04637:P55199,-1,-1
P04637:P62805,-1,0
P04637:P68431,1,1
P04798:Q02577,0,-1
P04908:P04908,1,1
P04908:P06899,1,1
P04908:P61077,1,1
P04908:P62805,1,1
P04908:P68431,1,1
P04908:Q71DI3,1,1
P04908:Q8IYW5,1,1
P04908:Q92560,1,-1
P04908:Q92831,1,-1
P04908:Q96A08,1,1
P04908:Q99496,1,0
P04908:Q99728,1,1
P04908:Q9NQR1,1,1
P04908:Q9NXA8,1,1
P04921:Q00013,1,1
P05000:P17181,1,-1
P05000:P48551,1,-1
P05019:P05019,1,1
P05089:Q8TAU3,0,-1
P05090:Q3KNW5,-1,-1
P05106:P62318,0,-1
P05106:P79483,1,1
P05112:P05112,1,1
P05112:P78552,1,1
P05113:P05113,1,1
P05120:P34910,0,-1
P05120:Q5T9Z0,0,-1
P05141:P47870,0,-1
P05161:P05161,1,1
P05161:Q8IWX5,0,-1
P05165:P05166,1,1
P05177:P15884,0,-1
P05181:Q8N127,0,-1
P05198:P20042,1,1
P05198:P41091,1,1
P05198:P42677,-1,0
P05198:P60228,-1,0
P05198:P62244,-1,0
P05198:P62263,1,1
P05198:P62266,-1,0
P05198:P62273,-1,0
P05198:P62277,-1,0
P05198:P62280,-1,0
P05198:P62753,-1,0
P05198:P62857,1,1
P05198:P62861,-1,0
P05198:P62979,-1,0
P05198:Q13144,1,1
P05198:Q14232,1,1
P05198:Q6UW78,0,-1
P05198:Q9NR50,1,0
P05198:Q9NVM4,1,-1
P05198:Q9UI10,1,1
P05204:Q75N03,0,-1
P05230:P05230,1,1
P05230:P21579,1,1
P05230:Q8IXH7,0,-1
P05230:Q99584,1,1
P05231:P05231,1,1
P05231:P08887,1,1
P05386:P15880,-1,0
P05386:P25398,-1,-1
P05386:P46779,-1,0
P05386:P62081,-1,0
P05386:P62244,-1,-1
P05386:P62249,-1,-1
P05386:P62263,-1,0
P05386:P62266,-1,-1
P05386:P62269,-1,-1
P05386:P62273,-1,0
P05386:P62277,-1,0
P05386:P62424,-1,-1
P05386:P62701,-1,0
P05386:P62750,-1,-1
P05386:P62841,-1,-1
P05386:P62847,-1,-1
P05386:P62891,-1,-1
P05386:P62913,-1,0
P05386:P62917,-1,-1
P05387:Q9Y3U8,-1,-1
P05388:P46781,-1,0
P05388:P62857,-1,0
P05388:P62861,-1,-1
P05455:Q5T1N1,0,-1
P05543:Q96HE7,0,-1
P05546:P62837,0,-1
P05546:Q496H8,0,-1
P05546:Q8N0W7,0,-1
P05556:Q6P2I3,0,-1
P05783:Q15782,0,-1
P06028:Q5VSY0,0,-1
P06126:P58062,0,-1
P06127:P50552,0,-1
P06307:P32238,1,1
P06312:P06312,1,1
P06340:P13765,1,1
P06340:P28067,1,-1
P06340:P28068,1,1
P06396:P10275,1,-1
P06396:P60709,1,-1
P06400:P20248,1,1
P06400:Q16254,1,-1
P06702:P06702,1,1
P06703:P06703,1,1
P06729:P06729,1,0
P06730:P06730,1,1
P06733:P06733,1,1
P06733:P45973,-1,-1
P06734:P06734,1,1
P06746:P06746,1,1
P06748:P06748,1,1
P06753:P06753,1,1
P06850:P06850,1,1
P06850:P34998,1,1
P06870:Q5VZQ5,0,-1
P06899:P06899,1,1
P06899:P0C0S5,1,1
P06899:P0CG47,1,1
P06899:P10636,-1,-1
P06899:P16104,1,1
P06899:P48431,1,1
P06899:P49450,1,1
P06899:P61077,1,1
P06899:P62805,1,1
P06899:P68431,1,1
P06899:Q8IYW5,1,1
P07148:Q5U5R9,0,-1
P07306:Q8IWW8,0,-1
P07306:Q9BTV5,0,-1
P07438:Q96PL1,0,-1
P07510:P60369,1,-1
P07550:P07550,1,0
P07737:P24855,0,-1
P07766:P07766,0,0
P07766:P09693,1,1
P07766:P0CF51,0,1
P07766:P20963,1,1
P07814:Q13155,1,1
P07864:P15812,0,-1
P07900:Q13451,1,1
P07998:Q96GA3,0,-1
P08034:Q9BUT1,0,-1
P08034:Q9H7P6,0,-1
P08133:P25103,0,-1
P08172:P08172,1,0
P08172:P09471,1,1
P08172:P59768,-1,0
P08172:P62873,1,1
P08253:P16035,1,1
P08253:P80098,1,-1
P08254:Q6ZP80,0,-1
P08294:Q9BVG4,0,-1
P08294:Q9UIY3,0,-1
P08473:P68400,1,-1
P08476:P19883,1,1
P08514:Q99828,1,-1
P08559:P11177,1,1
P08559:Q15118,1,-1
P08579:Q9Y314,0,0
P08621:P62304,1,1
P08621:P62306,1,1
P08621:P62308,1,1
P08621:P62314,1,1
P08621:P62316,1,1
P08621:P62318,1,1
P08708:P08708,0,0
P08708:P08865,1,1
P08708:P15880,1,1
P08708:P23396,1,1
P08708:P25398,-1,0
P08708:P39019,-1,0
P08708:P42677,-1,0
P08708:P46781,-1,0
P08708:P46782,-1,0
P08708:P46783,-1,0
P08708:P60866,-1,0
P08708:P61247,1,1
P08708:P62244,-1,1
P08708:P62249,-1,0
P08708:P62269,-1,-1
P08708:P62273,-1,0
P08708:P62277,-1,0
P08708:P62841,-1,0
P08708:P62847,-1,-1
P08708:P62857,-1,0
P08708:P63220,1,1
P08708:P63244,1,1
P08708:Q8N9N8,-1,0
P08754:P08754,1,1
P08754:P59768,-1,0
P08754:P62873,1,1
P08754:Q01718,0,-1
P08754:Q8TCY5,0,-1
P08779:P53365,-1,-1
P08865:P08865,0,0
P08865:P15880,1,1
P08865:P23396,-1,0
P08865:P25398,-1,1
P08865:P39019,-1,-1
P08865:P42677,1,1
P08865:P46777,-1,-1
P08865:P46781,-1,0
P08865:P46782,1,1
P08865:P46783,-1,0
P08865:P60866,-1,0
P08865:P61247,1,1
P08865:P61513,-1,0
P08865:P62244,1,1
P08865:P62249,1,0
P08865:P62269,-1,0
P08865:P62273,-1,0
P08865:P62277,-1,0
P08865:P62841,-1,0
P08865:P62847,-1,0
P08865:P62857,-1,0
P08865:P63220,1,1
P08865:P63244,-1,1
P08865:Q14152,1,1
P08908:P08908,1,0
P08949:P59768,0,-1
P08949:P62873,0,0
P09001:Q9NRX2,1,1
P09001:Q9NWU5,1,1
P09001:Q9NYK5,1,1
P09012:P0DJD3,-1,-1
P09038:P26022,1,-1
P09038:Q9BZZ5,1,1
P09132:P09132,1,1
P09210:Q96L46,0,-1
P09382:Q92791,0,-1
P09429:P62244,-1,-1
P09467:P49910,0,-1
P09471:P09471,0,0
P09471:P59768,-1,0
P09471:P62873,1,1
P09529:Q8NBM4,0,-1
P09529:Q9UIW0,0,-1
P09601:Q96MV1,-1,-1
P09629:Q9Y2T2,0,-1
P09661:Q9BW85,-1,0
P09661:Q9H2H8,0,0
P09661:Q9H5V9,0,0
P09693:P09693,1,1
P09693:P0CF51,0,1
P09693:P20963,1,1
P09693:Q01453,-1,-1
P09936:P0CG48,1,1
P09936:P63279,1,-1
P0C0E4:Q02742,0,-1
P0C0S5:P0C0S5,1,1
P0C0S5:P62805,1,1
P0C0S5:P68431,1,1
P0C0S5:P84243,1,1
P0C0S5:Q15906,1,1
P0C0S5:Q8IYW5,1,-1
P0C0S5:Q9BTT0,1,1
P0C0S8:P0C0S8,1,1
P0C0S8:P62805,1,1
P0C0S8:P62807,1,1
P0C0S8:Q71DI3,1,1
P0C1H6:P48304,0,-1
P0C6C1:Q8N668,0,-1
P0C7I6:P38432,-1,-1
P0C7P1:Q9NXR1,0,-1
P0CE72:Q9NPB6,0,-1
P0CF51:P0CF51,0,0
P0CF51:P20963,0,1
P0CG04:P0CG04,0,0
P0CG32:P51157,0,-1
P0CG47:P0CG47,1,1
P0CG47:P61088,1,1
P0CG47:P62333,1,0
P0CG47:Q8TBB1,1,1
P0CG48:P54725,1,-1
P0CG48:P54727,1,-1
P0CG48:P55036,1,1
P0CG48:P60604,1,-1
P0CG48:P61077,1,1
P0CG48:P61086,1,1
P0CG48:P61088,1,1
P0CG48:P62837,1,1
P0CG48:P62877,1,1
P0CG48:P63146,1,-1
P0CG48:P68036,1,1
P0CI26:Q9Y676,0,-1
P0CK96:Q7Z4J2,0,-1
P0CL85:Q9NQ03,0,-1
P0CW20:Q2KHT4,0,-1
P0DL12:Q2TAP0,0,-1
P0DM63:Q5VVC0,0,-1
P0DML3:Q8NBR0,0,-1
P0DMP2:P31323,0,-1
P0DMV8:Q9UNE7,-1,-1
P0DMV9:P31948,1,-1
P0DMV9:Q9H6T3,1,1
P0DMV9:Q9NZL4,1,-1
P0DMV9:Q9UL15,1,-1
P0DMV9:Q9UNE7,1,-1
P0DOY2:P0DOY2,1,1
P0DOY3:P0DOY3,0,0
P0DP23:P0DP23,1,1
P0DP23:P19634,1,1
P0DP25:P25105,-1,-1
P0DP58:Q8IYA7,0,-1
P0DPF6:Q8NGD1,0,-1
P0DPK4:Q6EMK4,-1,-1
P0DPK4:Q9NQL9,-1,-1
P0DTL5:P48788,0,-1
P10124:Q96ET8,0,-1
P10144:Q15185,1,-1
P10147:Q9HBV2,0,-1
P10301:Q7L266,0,-1
P10321:P13747,1,1
P10321:P43627,1,1
P10321:P43628,1,1
P10321:Q9H2A9,0,-1
P10589:Q00403,1,-1
P10606:Q8ND90,-1,-1
P10636:P98179,-1,-1
P10636:Q15185,-1,-1
P10747:P27986,1,1
P10747:P33681,1,-1
P10747:P62993,1,1
P10767:P61601,-1,-1
P10768:Q8IYU8,0,-1
P10768:Q96QA5,0,-1
P10809:P61604,1,1
P10809:Q8NHQ1,1,-1
P10809:Q9BRK4,1,-1
P10809:Q9NR28,1,-1
P10826:P19793,1,1
P10909:Q9NQT5,0,-1
P10914:Q9NZH6,0,-1
P10915:Q9BV87,0,-1
P11177:Q14728,0,-1
P11229:Q9Y5W3,0,-1
P11686:P11686,1,1
P11831:P28324,1,1
P11831:P35269,1,-1
P11836:P11836,1,1
P11836:Q9H9Q4,0,-1
P11908:P60891,1,-1
P11908:Q9UHP7,0,-1
P11912:Q8N5M9,-1,-1
P11912:Q9NWW5,-1,-1
P12004:P40938,1,1
P12004:P49005,1,0
P12004:Q70SY1,-1,-1
P12004:Q8NBX0,-1,-1
P12004:Q99536,-1,-1
P12004:Q9HCU8,1,1
P12074:P12074,0,0
P12814:Q9NPC6,1,-1
P12830:P35222,1,-1
P12830:Q75N03,1,-1
P12830:Q96E93,1,1
P13349:Q9Y2P0,-1,-1
P13639:P62841,1,-1
P13805:P63316,-1,-1
P13805:Q969Q1,1,-1
P13807:P46976,1,1
P13807:P49841,1,-1
P13861:P24588,1,-1
P13861:Q06455,1,-1
P13861:Q92667,1,-1
P13861:Q9P0M2,0,1
P13866:Q96CP2,0,-1
P13984:P13984,1,1
P13984:P20226,1,1
P13984:P29084,1,1
P13984:P30876,1,1
P13984:P35269,1,1
P13984:Q15543,-1,-1
P14373:Q96E35,-1,-1
P14406:P14406,0,0
P14635:Q9NRZ7,0,-1
P14678:P52298,1,0
P14678:P62304,1,0
P14678:P62316,1,0
P14784:P31785,1,1
P14784:P40933,1,-1
P14784:P60568,1,1
P14784:Q9Y679,0,-1
P14859:P48431,1,1
P14859:Q16633,1,1
P14866:P26599,1,-1
P14866:P61978,1,-1
P14866:Q15366,1,-1
P14867:P14867,1,1
P14867:P18507,1,1
P14867:P47870,1,1
P14927:P17568,-1,0
P14927:P49821,-1,-1
P14927:Q16795,-1,-1
P15151:Q8IUG1,-1,-1
P15336:P15336,-1,0
P15407:P40261,0,-1
P15407:P54652,-1,-1
P15498:P60953,1,-1
P15498:P61586,1,-1
P15509:P32927,1,-1
P15622:P60369,-1,-1
P15812:Q5T4B2,0,-1
P15880:P15880,0,0
P15880:P23396,1,1
P15880:P25398,-1,-1
P15880:P39019,-1,-1
P15880:P42677,-1,0
P15880:P46781,1,1
P15880:P46782,1,1
P15880:P46783,-1,0
P15880:P60866,-1,0
P15880:P61247,-1,1
P15880:P62244,1,1
P15880:P62249,1,0
P15880:P62269,1,0
P15880:P62273,-1,0
P15880:P62277,-1,0
P15880:P62841,-1,0
P15880:P62847,-1,0
P15880:P62857,-1,0
P15880:P63220,1,1
P15880:P63244,-1,-1
P15882:Q6QEF8,0,-1
P15884:Q16559,1,-1
P15923:P15923,1,0
P16410:Q8IUA0,0,-1
P16949:Q9BYS1,0,-1
P17096:Q9UNX3,0,-1
P17275:Q9Y5K3,0,-1
P17538:Q92484,0,-1
P17540:Q13432,-1,-1
P17540:Q9BYW3,0,-1
P17568:Q96B49,0,-1
P17706:Q9NVM6,0,-1
P17980:P17980,1,0
P17980:P25786,1,1
P17980:P25788,1,1
P17980:P28066,1,1
P17980:P35998,1,1
P17980:P43686,1,1
P17980:P51665,1,1
P17980:P55036,1,1
P17980:P60900,1,-1
P17980:P62191,1,1
P18077:P62847,-1,-1
P18077:Q96IQ7,0,-1
P18124:P39019,-1,-1
P18124:P61513,-1,-1
P18124:P62701,-1,-1
P18124:Q9Y3C1,0,-1
P18440:Q07869,0,-1
P18507:P18507,1,0
P18507:P47870,1,1
P18621:P32969,-1,-1
P18621:P46781,-1,0
P18621:Q8NBP7,1,1
P18621:Q9NUH8,0,-1
P18621:Q9Y3U8,-1,-1
P18848:Q8IWX5,0,-1
P19388:P52435,1,-1
P19388:P61218,1,1
P19388:Q00403,1,0
P19388:Q9BQY9,0,-1
P19388:Q9H944,-1,-1
P19397:Q8NBD8,-1,-1
P19397:Q9UH17,0,-1
P19404:P28331,1,1
P19404:P47985,-1,-1
P19404:P49821,1,1
P19404:P56181,1,1
P19419:P63279,1,-1
P19429:P19429,1,1
P19429:P45379,1,1
P19429:P63316,1,1
P19429:Q969Q1,1,-1
P19883:P19883,1,1
P19883:Q9NRQ5,0,-1
P19957:P19957,1,1
P20036:P20036,1,1
P20042:P41091,1,1
P20042:P62841,1,1
P20042:P62979,-1,-1
P20132:P28289,0,-1
P20226:Q9HAW0,1,1
P20248:P28749,1,1
P20248:P46527,1,1
P20248:P61024,1,-1
P20248:Q01094,1,1
P20248:Q12834,1,1
P20248:Q13415,1,1
P20248:Q99741,1,1
P20290:Q9H5J4,0,-1
P20309:P20309,-1,0
P20309:P59768,0,0
P20309:P62873,1,1
P20337:Q8N587,0,-1
P20338:Q9UJQ7,0,-1
P20382:P98175,0,-1
P20700:Q9BPX1,0,-1
P20853:Q9BYV8,0,-1
P20962:Q8WU43,0,-1
P20963:P20963,1,1
P21145:Q5T700,-1,-1
P21453:Q86VG3,0,-1
P21554:P21554,1,0
P21554:P62873,1,1
P21554:P63096,1,1
P21579:Q99584,1,1
P21580:P51668,1,1
P21728:P21728,0,0
P21728:P59768,-1,-1
P21728:P62873,1,1
P21728:P63092,1,1
P21728:Q05901,0,-1
P21815:P78318,0,-1
P22087:Q9BVJ7,0,-1
P22492:Q99615,0,-1
P22674:Q9NNZ6,0,-1
P22676:Q8IWL8,0,-1
P22681:P62837,1,1
P23381:Q7Z2D5,0,-1
P23396:P23396,0,0
P23396:P25398,-1,-1
P23396:P32969,-1,-1
P23396:P39019,-1,-1
P23396:P42677,-1,-1
P23396:P46776,-1,-1
P23396:P46781,-1,0
P23396:P46782,-1,0
P23396:P46783,1,1
P23396:P60866,1,1
P23396:P61247,-1,-1
P23396:P61353,-1,-1
P23396:P61513,-1,-1
P23396:P62244,-1,-1
P23396:P62249,1,0
P23396:P62269,-1,0
P23396:P62273,1,1
P23396:P62277,-1,1
P23396:P62841,-1,-1
P23396:P62847,-1,-1
P23396:P62857,-1,0
P23396:P63220,-1,-1
P23396:P63244,1,1
P23409:Q8IYB5,0,-1
P23416:Q9P0G3,0,-1
P23769:Q494U1,0,-1
P23946:P23946,1,1
P24046:Q13563,0,-1
P24385:P24385,-1,0
P24593:Q9H9P2,-1,-1
P24855:Q5J8M3,0,-1
P25024:Q86X83,0,-1
P25189:Q8TDB4,0,-1
P25205:P33991,1,0
P25398:P25398,0,0
P25398:P39019,-1,0
P25398:P42677,-1,0
P25398:P46781,-1,0
P25398:P46782,-1,0
P25398:P46783,1,1
P25398:P60866,-1,0
P25398:P61247,-1,0
P25398:P62244,-1,0
P25398:P62249,-1,0
P25398:P62269,-1,0
P25398:P62273,-1,0
P25398:P62277,-1,0
P25398:P62841,-1,0
P25398:P62847,1,0
P25398:P62857,-1,0
P25398:P63220,-1,0
P25398:P63244,1,0
P25398:P84098,-1,-1
P25398:Q13601,-1,-1
P25398:Q96L21,-1,0
P25398:Q9NV06,-1,-1
P25685:Q53EZ4,0,-1
P25786:P28074,1,1
P25786:P40306,1,0
P25786:P49721,1,0
P25787:P25787,-1,0
P25787:P28065,1,0
P25788:P28074,1,1
P26371:Q9HB63,-1,-1
P26373:P84098,1,-1
P26373:Q15050,-1,0
P26378:Q5H9J7,0,-1
P26678:Q6N075,-1,-1
P26715:P61769,-1,-1
P26842:Q8N912,0,-1
P27348:Q92934,1,-1
P27348:Q96RK0,1,1
P27348:Q99459,-1,-1
P27348:Q9NRI5,-1,-1
P27348:Q9UQB8,1,1
P27449:Q16864,-1,-1
P27469:Q9HDC9,0,-1
P27539:P55042,0,-1
P27635:P30050,-1,0
P28062:P28065,1,0
P28068:Q7Z3E5,0,-1
P28223:P28335,1,-1
P28223:P59768,-1,0
P28288:P40855,1,-1
P28300:Q8IV01,0,-1
P28300:Q9UBX5,1,-1
P28331:P49821,1,1
P28331:P56181,1,1
P28331:P56556,1,1
P28331:Q16795,1,1
P28331:Q9UI09,1,1
P28335:Q96BU1,0,-1
P28340:P39748,1,1
P28340:P49005,1,1
P28340:Q9HCU8,1,1
P28347:Q9NYZ1,0,-1
P28356:Q8NI99,0,-1
P28566:P59768,-1,0
P28845:Q8TDP1,0,-1
P29033:Q9NSG2,0,-1
P29084:Q96G25,-1,0
P29084:Q9NWA0,-1,-1
P29353:Q99062,1,-1
P29372:P29372,1,1
P29372:Q9BPX1,1,-1
P29373:P29373,1,1
P29373:P30281,1,-1
P29373:Q2TAA8,0,-1
P29374:Q9HCU9,1,-1
P29375:P68431,1,1
P29377:Q9H2A2,0,-1
P29401:Q71UI9,0,-1
P29508:Q9NQG1,0,-1
P29972:Q16563,0,-1
P30050:P50914,-1,0
P30050:Q9BRT6,-1,0
P30085:Q69YU5,0,-1
P30153:Q9Y570,1,0
P30511:P43629,1,-1
P30511:P43630,1,-1
P30511:P61769,1,1
P30511:Q14943,1,-1
P30518:P62873,1,1
P30518:Q5JWF2,0,-1
P30519:Q9NR31,-1,-1
P30532:Q9BYC8,0,-1
P30939:Q03405,0,-1
P31146:Q96JD6,0,-1
P31151:P40306,0,-1
P31153:Q00266,1,-1
P31273:P50222,-1,-1
P31276:Q6UXS9,0,-1
P31321:P38936,-1,-1
P31930:Q9BWW4,0,-1
P31946:Q92934,1,-1
P31946:Q9NP71,1,1
P31946:Q9P0K1,-1,-1
P31946:Q9UQ84,1,-1
P31995:Q8IV20,0,-1
P32241:P61769,0,0
P32242:Q3LI64,-1,-1
P32780:Q8IV01,0,-1
P32969:P42677,-1,0
P32969:P46781,-1,0
P32969:P62750,-1,0
P33240:Q9Y6H3,-1,-1
P33241:Q92876,-1,-1
P33991:P33991,1,0
P33991:P49736,1,1
P34741:P34741,1,-1
P34897:P34897,1,1
P34897:Q2M3T9,0,-1
P34972:P34972,0,0
P34972:P59768,-1,-1
P34972:P62873,1,1
P34972:P63096,1,1
P34981:Q86VD7,0,-1
P34981:Q8WW34,-1,-1
P35212:P60033,-1,-1
P35225:Q9NRD5,0,-1
P35226:P35226,1,0
P35227:P40305,0,-1
P35244:P59826,0,-1
P35249:P35250,1,1
P35268:Q6DKI1,-1,0
P35452:Q96BF3,0,-1
P35452:Q9H444,0,-1
P35575:Q9P0P8,0,-1
P36578:P62273,-1,0
P36578:Q8NBP7,1,1
P36941:P36941,1,0
P36941:Q12933,1,-1
P36954:P51946,-1,-1
P37108:Q9Y5M8,-1,-1
P37173:P37173,1,0
P37231:Q15596,1,1
P38117:Q16651,0,-1
P38484:P38484,1,0
P39019:P39019,-1,0
P39019:P42677,-1,0
P39019:P46781,-1,0
P39019:P46782,1,1
P39019:P46783,-1,0
P39019:P60866,-1,0
P39019:P61247,-1,0
P39019:P62244,-1,0
P39019:P62249,1,1
P39019:P62269,1,1
P39019:P62273,-1,0
P39019:P62277,1,0
P39019:P62841,-1,0
P39019:P62847,-1,0
P39019:P62857,-1,0
P39019:P63220,-1,0
P39019:P63244,1,-1
P40337:P40337,1,1
P40337:P61964,1,1
P40337:Q15369,1,1
P40337:Q15370,1,1
P40337:Q92905,1,1
P40337:Q99814,1,1
P40337:Q9NQ69,0,-1
P40337:Q9UNS2,1,1
P40429:P62263,-1,0
P40429:P62861,-1,0
P40429:P62906,-1,0
P40429:P62917,-1,0
P40429:Q96EY4,-1,0
P40616:P40616,1,1
P40616:Q8TEU8,0,-1
P40617:Q6UWT4,0,-1
P40933:P40933,1,1
P40937:P40938,1,1
P40937:Q6S8J7,0,-1
P40938:P62380,0,-1
P40967:P40967,1,0
P41145:Q8TDQ7,0,-1
P41223:P62314,-1,-1
P41223:Q9H5V9,0,-1
P41250:Q16520,-1,-1
P41271:Q9UBP9,0,-1
P41732:Q96C74,0,-1
P42285:Q13868,1,1
P42285:Q5RKV6,1,-1
P42285:Q6NZY4,1,1
P42285:Q99547,1,1
P42285:Q9NQT5,1,-1
P42575:Q99614,0,-1
P42677:P42677,-1,0
P42677:P46781,-1,0
P42677:P46782,-1,0
P42677:P46783,-1,0
P42677:P60866,-1,0
P42677:P61247,-1,0
P42677:P62244,1,1
P42677:P62249,-1,0
P42677:P62269,-1,0
P42677:P62273,-1,0
P42677:P62277,1,1
P42677:P62841,-1,0
P42677:P62847,-1,0
P42677:P62857,-1,1
P42677:P63220,1,1
P42677:P63244,-1,0
P42677:Q8N9N8,-1,0
P42677:Q9ULC4,-1,0
P42766:P62273,-1,0
P42766:P63241,-1,-1
P42766:P63244,-1,-1
P42766:Q9H6Y2,0,-1
P42773:Q9HD26,-1,-1
P42857:Q8TBE3,-1,-1
P43235:Q96PF1,0,-1
P43320:Q9NQ25,0,-1
P43356:Q15078,-1,-1
P43363:P61769,0,-1
P43657:Q92913,0,-1
P43699:P55317,1,-1
P43897:Q9Y5P8,0,-1
P45379:Q99958,0,-1
P45452:Q9Y4P3,0,-1
P45973:Q92560,-1,-1
P46091:P52945,0,-1
P46439:P46439,-1,-1
P46695:Q9H5F2,0,-1
P46695:Q9P1W9,0,-1
P46776:P63220,-1,-1
P46776:P63244,-1,-1
P46777:P61254,-1,0
P46778:P61313,-1,-1
P46778:P62249,-1,0
P46778:P62273,-1,0
P46778:Q9UNZ5,0,-1
P46779:P62854,-1,-1
P46779:P62913,1,-1
P46781:P46781,0,0
P46781:P46782,-1,0
P46781:P46783,-1,-1
P46781:P60866,-1,-1
P46781:P61247,-1,-1
P46781:P61313,-1,-1
P46781:P62244,1,1
P46781:P62249,-1,0
P46781:P62269,-1,0
P46781:P62273,-1,-1
P46781:P62277,-1,0
P46781:P62841,-1,-1
P46781:P62847,1,1
P46781:P62851,-1,-1
P46781:P62857,-1,-1
P46781:P63220,1,1
P46781:P63244,-1,-1
P46781:Q9BRS2,1,1
P46782:P46782,0,0
P46782:P46783,-1,0
P46782:P60866,-1,-1
P46782:P61247,-1,-1
P46782:P62244,-1,-1
P46782:P62249,1,1
P46782:P62263,1,1
P46782:P62266,-1,1
P46782:P62269,-1,0
P46782:P62273,-1,0
P46782:P62277,-1,0
P46782:P62841,-1,1
P46782:P62847,-1,-1
P46782:P62851,1,1
P46782:P62857,1,1
P46782:P62861,-1,0
P46782:P62945,-1,-1
P46782:P63220,1,1
P46782:P63244,1,-1
P46782:P83731,-1,-1
P46783:P46783,0,0
P46783:P60866,-1,0
P46783:P61247,-1,0
P46783:P62081,-1,0
P46783:P62244,-1,0
P46783:P62249,1,0
P46783:P62269,-1,0
P46783:P62273,1,1
P46783:P62277,-1,0
P46783:P62280,-1,0
P46783:P62841,-1,0
P46783:P62847,-1,0
P46783:P62857,-1,0
P46783:P62906,-1,0
P46783:P63220,-1,0
P46783:P63244,1,0
P47710:Q9UHD9,-1,-1
P47813:P60228,-1,-1
P47813:P62266,1,1
P47813:P62826,1,1
P47813:P62851,-1,0
P47813:P62861,1,1
P47813:Q6QHF9,0,-1
P47870:P47870,1,1
P47881:Q3ZCQ2,0,-1
P47893:Q9UQ16,0,-1
P47914:P62857,-1,0
P47972:Q8WW62,0,-1
P48039:P48039,-1,0
P48039:P62873,-1,1
P48039:P63096,1,-1
P48146:Q8ND90,-1,-1
P48163:Q8NHY3,0,-1
P48165:Q69YG0,-1,-1
P48167:Q9GZN0,0,-1
P48382:Q13077,0,-1
P48448:Q9Y421,0,-1
P48729:Q96SW2,1,1
P48729:Q9UI30,-1,0
P48742:Q13519,0,-1
P48742:Q5T0D9,0,-1
P49006:Q16778,0,-1
P49207:P62854,-1,0
P49406:Q7Z7H8,-1,0
P49411:Q9BQC6,-1,-1
P49639:Q9Y6Y9,0,-1
P49736:Q14566,1,1
P49736:Q71DI3,1,1
P49736:Q8WXX5,1,1
P49736:Q9NVP2,1,1
P49768:P49768,1,0
P49768:Q8NCJ5,0,-1
P49768:Q92542,1,1
P49768:Q96BI3,1,1
P49768:Q9NZ42,1,1
P49888:Q9NX31,0,-1
P49901:Q8N831,0,-1
P49910:Q9NWS9,-1,-1
P50151:Q8N511,0,-1
P50213:P50213,1,1
P50213:P51553,1,1
P50222:Q6ZVT0,-1,-1
P50225:P50225,1,1
P50225:Q8IXF9,0,-1
P50402:Q8IWZ5,1,-1
P50440:Q5SR56,0,-1
P50539:Q6A162,1,-1
P50552:Q15942,1,-1
P50553:P50553,1,-1
P50583:Q8IX18,0,-1
P50591:Q13158,1,-1
P50607:P61960,0,-1
P50749:Q5SWA1,0,-1
P50897:Q8IWS0,0,-1
P50914:P62913,1,0
P50914:P83731,-1,-1
P50995:Q6NW34,0,-1
P51114:P51116,1,-1
P51116:Q9UI14,-1,-1
P51149:P51149,1,1
P51157:Q5TYW2,0,-1
P51157:Q75LS8,0,-1
P51159:Q5T2L2,0,-1
P51460:Q9Y651,0,-1
P51504:Q5BKX5,0,-1
P51504:Q70Z53,0,-1
P51571:P60059,-1,-1
P51580:Q9UJN7,0,-1
P51668:Q6UWE0,1,-1
P51668:Q86XT4,1,-1
P51946:Q12962,0,0
P51946:Q15528,-1,0
P51946:Q92759,1,0
P51946:Q9C0D9,0,-1
P51948:Q6ZYL4,-1,-1
P52298:Q9BZL1,-1,0
P52434:Q00403,-1,0
P52435:Q6ZYL4,-1,0
P52657:Q9BTT4,-1,0
P52815:Q92748,0,-1
P52815:Q9NZE8,-1,-1
P53004:P53004,1,1
P53007:Q8NHX4,0,-1
P53041:Q16543,1,-1
P53365:P53365,1,1
P53365:P62330,1,-1
P53365:P63000,1,1
P53567:Q6P1R4,0,-1
P53673:P62380,0,-1
P53794:Q68DK7,0,-1
P53803:P62875,1,1
P53803:Q00403,1,1
P53803:Q9BUI4,-1,-1
P53990:P53990,1,1
P53990:Q8N0X7,1,1
P53999:P53999,1,1
P54105:P62306,1,-1
P54105:P62308,1,-1
P54105:Q6UUV9,0,-1
P54252:Q5VTD9,0,-1
P54578:P54578,1,1
P54578:P62191,1,1
P54578:Q5FBB7,0,-1
P54652:P58658,0,-1
P54725:P55036,1,1
P54727:P55036,1,1
P54727:Q05086,1,-1
P54727:Q96IV0,1,-1
P54852:Q8TAF8,-1,-1
P55036:P62333,1,1
P55061:Q9BYJ0,-1,-1
P55081:Q8TAD8,-1,0
P55289:Q9Y6X1,0,-1
P55769:Q8NAV1,-1,-1
P55769:Q96NC0,-1,-1
P55769:Q9Y333,-1,-1
P55916:Q9BSA9,0,-1
P55957:Q9BVA1,-1,-1
P56181:Q9UI09,1,0
P56537:P62888,-1,0
P56537:P62910,-1,-1
P56537:P84098,-1,0
P56747:Q9BWQ8,0,-1
P56750:Q9Y2D2,0,-1
P56856:Q86YD5,0,-1
P56880:Q86W74,-1,-1
P57054:Q99697,0,-1
P57060:Q71F23,0,-1
P57727:Q7Z5A7,0,-1
P57768:P57768,1,1
P57773:Q71UI9,0,-1
P58004:Q9H310,0,-1
P58294:Q99551,0,-1
P59025:Q96E09,0,-1
P59533:Q8WUY8,0,-1
P59538:Q86Y79,0,-1
P59768:P59768,1,0
P59768:P62873,1,1
P59768:P63092,1,1
P59768:P63096,1,1
P59768:Q01718,-1,-1
P59768:Q6PIZ9,0,-1
P59768:Q8TCY5,-1,-1
P59768:Q96LB1,-1,0
P59768:Q96LB2,-1,0
P59991:Q7Z698,-1,-1
P60059:P62424,-1,0
P60059:Q96L21,-1,0
P60153:Q6Y2X3,0,-1
P60174:P60174,1,1
P60369:P60412,0,-1
P60409:Q9Y2D8,-1,-1
P60410:Q5TCM9,-1,-1
P60410:Q8WV44,-1,-1
P60410:Q93038,0,-1
P60412:Q9NQX5,0,-1
P60468:P62424,-1,-1
P60468:P62891,-1,-1
P60468:P62987,-1,-1
P60484:Q86X19,0,-1
P60568:Q8WY64,0,-1
P60709:Q93015,1,-1
P60763:Q15532,0,-1
P60842:P62857,-1,0
P60842:P62861,-1,0
P60852:Q9H2P9,0,-1
P60866:P60866,0,0
P60866:P61247,-1,0
P60866:P62244,-1,-1
P60866:P62249,1,1
P60866:P62269,-1,0
P60866:P62273,1,1
P60866:P62277,-1,0
P60866:P62841,-1,-1
P60866:P62847,-1,0
P60866:P62857,-1,0
P60866:P63220,-1,0
P60866:P63244,1,-1
P60880:P60880,1,1
P60880:P63027,1,1
P60953:Q6NZY7,1,-1
P60983:Q9Y240,0,-1
P61024:P63208,1,-1
P61077:P61077,1,1
P61077:P62805,0,0
P61077:P68431,0,-1
P61077:Q86SE9,-1,0
P61077:Q8IYW5,1,1
P61081:Q13564,1,0
P61088:P61088,1,1
P61088:Q8TBB1,1,1
P61088:Q96FW1,1,1
P61165:P61803,-1,-1
P61224:Q8WWW0,-1,-1
P61247:P61247,0,0
P61247:P62244,-1,-1
P61247:P62249,1,0
P61247:P62269,-1,0
P61247:P62273,-1,0
P61247:P62277,-1,0
P61247:P62829,-1,-1
P61247:P62841,-1,-1
P61247:P62847,-1,0
P61247:P62857,-1,0
P61247:P63220,-1,0
P61247:P63244,-1,-1
P61254:Q8NC51,-1,0
P61313:P62277,-1,0
P61313:Q9Y3C1,0,0
P61326:P62314,-1,-1
P61353:P62913,1,0
P61353:P84098,-1,-1
P61513:P62424,-1,-1
P61513:P62861,-1,0
P61619:Q6ZP80,0,-1
P61769:Q13126,0,-1
P61769:Q16655,1,0
P61803:P61803,0,0
P61803:Q14165,-1,-1
P61927:P62888,-1,0
P61927:Q9H7B2,-1,0
P61927:Q9NX58,-1,0
P61927:Q9NZM5,-1,-1
P61956:Q9HC62,1,1
P61956:Q9Y4E5,1,1
P61960:P61960,1,1
P61960:Q86UV7,0,-1
P61964:P61964,1,1
P61964:Q15369,-1,-1
P61964:Q15370,-1,-1
P61964:Q9BTK6,1,-1
P62068:P62068,1,1
P62070:P62070,1,1
P62072:P62072,1,1
P62081:P62244,1,1
P62081:P62249,-1,0
P62081:P62277,1,1
P62081:P62495,-1,-1
P62081:P62753,-1,0
P62081:P62847,-1,0
P62081:P62888,-1,0
P62081:P62979,-1,0
P62081:P83881,-1,0
P62081:Q9UNQ2,-1,-1
P62136:P62136,1,1
P62136:Q5SWA1,1,-1
P62136:Q6NYC8,1,-1
P62136:Q9UQ13,1,1
P62166:P62166,1,1
P62191:P62195,1,1
P62191:P62333,1,1
P62195:P62333,1,1
P62241:P62241,0,0
P62241:P62244,-1,0
P62241:P62249,1,0
P62241:P62280,1,1
P62241:P62495,-1,-1
P62241:P62906,-1,0
P62241:P83731,-1,-1
P62241:P83881,-1,-1
P62241:Q2NL82,1,1
P62241:Q86WX3,-1,-1
P62241:Q9UBQ5,-1,0
P62244:P62244,-1,0
P62244:P62249,-1,0
P62244:P62266,1,1
P62244:P62269,-1,0
P62244:P62273,-1,0
P62244:P62277,1,1
P62244:P62280,1,1
P62244:P62495,-1,-1
P62244:P62753,-1,0
P62244:P62841,-1,0
P62244:P62847,-1,0
P62244:P62857,-1,0
P62244:P62888,-1,0
P62244:P62906,-1,0
P62244:P62979,-1,0
P62244:P63220,1,1
P62244:P63244,-1,-1
P62244:P83881,-1,0
P62244:P84098,-1,-1
P62249:P62249,0,0
P62249:P62263,1,0
P62249:P62266,-1,0
P62249:P62269,-1,0
P62249:P62273,1,1
P62249:P62277,1,1
P62249:P62280,1,-1
P62249:P62424,-1,-1
P62249:P62495,-1,-1
P62249:P62701,1,0
P62249:P62750,1,-1
P62249:P62753,1,0
P62249:P62841,1,1
P62249:P62847,1,-1
P62249:P62851,1,1
P62249:P62857,-1,0
P62249:P62861,-1,1
P62249:P62888,-1,0
P62249:P62891,-1,-1
P62249:P62906,-1,0
P62249:P62913,-1,1
P62249:P62917,-1,-1
P62249:P62979,-1,-1
P62249:P62987,-1,-1
P62249:P63220,-1,0
P62249:P63241,-1,-1
P62249:P63244,1,1
P62249:P83731,-1,-1
P62249:P83881,-1,0
P62249:Q8NDD1,-1,0
P62256:P62256,1,1
P62256:Q15904,0,-1
P62258:P62258,1,1
P62263:P62753,-1,-1
P62263:P62847,-1,0
P62263:P62854,1,1
P62263:P62857,1,1
P62263:P62888,-1,0
P62263:P62906,-1,0
P62263:P62979,-1,-1
P62263:P63220,-1,-1
P62263:P83881,-1,-1
P62263:P84098,1,-1
P62263:Q96CT7,-1,-1
P62263:Q9BRS2,1,1
P62263:Q9NRX1,1,1
P62266:P62266,0,0
P62266:P62753,-1,0
P62266:P62847,-1,-1
P62266:P62857,-1,0
P62266:P62888,-1,0
P62266:P62891,-1,-1
P62266:P62906,-1,0
P62266:P62910,-1,0
P62266:P62979,-1,-1
P62266:P83881,-1,0
P62266:Q8NDD1,-1,0
P62266:Q92979,-1,-1
P62269:P62269,0,0
P62269:P62273,-1,0
P62269:P62277,-1,0
P62269:P62280,-1,0
P62269:P62495,1,0
P62269:P62753,-1,0
P62269:P62841,1,1
P62269:P62847,-1,-1
P62269:P62857,-1,0
P62269:P62906,-1,0
P62269:P62913,1,1
P62269:P62979,-1,0
P62269:P63220,-1,0
P62269:P63244,1,0
P62269:P83881,-1,0
P62269:P84098,-1,-1
P62273:P62273,0,0
P62273:P62277,-1,0
P62273:P62280,1,-1
P62273:P62753,-1,-1
P62273:P62841,1,1
P62273:P62847,-1,0
P62273:P62857,-1,0
P62273:P62888,-1,0
P62273:P62906,-1,0
P62273:P63220,-1,-1
P62273:P63244,-1,-1
P62273:P83881,-1,-1
P62273:P84098,-1,-1
P62277:P62277,0,0
P62277:P62495,-1,-1
P62277:P62753,-1,-1
P62277:P62841,-1,-1
P62277:P62847,-1,-1
P62277:P62854,-1,-1
P62277:P62857,-1,1
P62277:P62906,-1,0
P62277:P62979,-1,-1
P62277:P63220,-1,-1
P62277:P63244,-1,1
P62277:P83881,-1,1
P62277:Q96L21,-1,0
P62280:P62280,0,0
P62280:P62424,-1,-1
P62280:P62495,-1,0
P62280:P62750,-1,-1
P62280:P62753,-1,0
P62280:P62841,-1,1
P62280:P62847,-1,0
P62280:P62851,1,0
P62280:P62857,1,0
P62280:P62861,-1,0
P62280:P62891,-1,-1
P62280:P62906,-1,0
P62280:P62910,-1,0
P62280:P62913,-1,0
P62280:P62917,-1,0
P62280:P62979,-1,0
P62280:P63220,1,0
P62280:P83731,-1,-1
P62280:P83881,-1,0
P62304:P62304,1,1
P62304:P62306,1,1
P62304:P62308,1,1
P62304:P62314,-1,0
P62304:P62316,1,1
P62304:P83369,1,-1
P62304:P83876,-1,-1
P62304:Q16637,1,0
P62304:Q2TAY7,-1,0
P62306:P62306,1,1
P62306:P62308,1,1
P62306:P62314,1,1
P62306:P62316,1,1
P62306:P83369,1,1
P62306:P83876,1,-1
P62306:Q16637,1,0
P62306:Q2TAY7,-1,0
P62306:Q9NZ63,0,0
P62308:P62308,0,0
P62308:P62314,-1,1
P62308:P62316,1,1
P62308:P62318,1,1
P62308:P83876,-1,0
P62308:Q16637,1,0
P62308:Q96NC0,-1,0
P62310:P62312,1,1
P62310:Q9UK45,1,0
P62312:P83876,-1,0
P62312:Q2TAY7,-1,0
P62314:P62314,1,1
P62314:P62316,1,1
P62314:P83876,-1,0
P62314:Q16637,1,0
P62314:Q2TAY7,-1,0
P62314:Q9Y388,-1,0
P62316:P62316,1,0
P62316:Q16637,1,0
P62316:Q2TAY7,-1,0
P62316:Q9BW85,-1,-1
P62316:Q9NW64,-1,-1
P62318:P62318,1,1
P62318:P83876,-1,0
P62318:Q2TAY7,-1,0
P62318:Q8NAV1,-1,-1
P62318:Q9Y5U2,-1,0
P62424:P62495,-1,0
P62424:P62753,-1,0
P62424:P62847,-1,0
P62424:P62857,-1,0
P62424:P62888,-1,0
P62424:P62906,-1,0
P62424:P62979,-1,0
P62424:P63220,-1,0
P62424:P83881,-1,0
P62424:P84098,-1,-1
P62487:P62487,1,1
P62495:P62495,1,1
P62495:P62701,-1,0
P62495:P62750,-1,-1
P62495:P62753,-1,0
P62495:P62841,1,1
P62495:P62847,-1,-1
P62495:P62851,-1,0
P62495:P62857,-1,0
P62495:P62861,-1,-1
P62495:P62888,-1,0
P62495:P62906,-1,0
P62495:P62910,-1,0
P62495:P62913,-1,0
P62495:P62917,-1,0
P62495:P62979,1,1
P62495:P62987,-1,-1
P62701:P62750,-1,0
P62701:P62753,1,1
P62701:P62841,-1,0
P62701:P62847,1,1
P62750:P62891,1,1
P62750:P62910,-1,0
P62750:Q92988,0,-1
P62753:P62847,1,1
P62753:P83731,1,1
P62753:Q8NEJ9,-1,-1
P62805:P62805,1,1
P62805:P62807,1,1
P62805:P68431,1,1
P62805:P84243,1,1
P62805:Q6FI13,1,1
P62805:Q71DI3,1,1
P62805:Q71UI9,1,1
P62805:Q8IYW5,-1,-1
P62805:Q93077,1,1
P62805:Q96A08,1,1
P62805:Q96H22,1,1
P62805:Q96HA7,1,-1
P62805:Q96LA8,1,-1
P62805:Q96QV6,1,1
P62805:Q99728,1,1
P62807:P62807,1,1
P62807:Q53T59,0,-1
P62807:Q71DI3,1,1
P62826:Q6NXT2,-1,-1
P62826:Q6ZMI0,0,-1
P62837:P62837,1,1
P62837:P62877,1,1
P62837:P62979,1,1
P62837:Q15843,1,1
P62837:Q9UJV3,1,-1
P62841:P62841,0,0
P62841:P62847,-1,0
P62841:P62857,-1,0
P62841:P62888,-1,0
P62841:P62891,-1,-1
P62841:P63220,-1,0
P62841:P63241,-1,-1
P62841:P63244,1,-1
P62841:Q2NL82,1,1
P62841:Q8NC51,1,1
P62841:Q96CT7,1,1
P62841:Q9NRX1,-1,0
P62847:P62847,0,0
P62847:P62851,-1,0
P62847:P62857,-1,0
P62847:P62861,-1,0
P62847:P62891,-1,-1
P62847:P62906,-1,0
P62847:P62913,-1,0
P62847:P62917,-1,0
P62847:P62979,1,0
P62847:P62987,-1,0
P62847:P63220,-1,0
P62847:P63244,-1,0
P62847:P83731,-1,-1
P62847:P83881,-1,0
P62847:P84098,1,-1
P62851:P62857,-1,0
P62851:P62888,-1,0
P62851:P62906,1,1
P62851:P62979,-1,-1
P62851:P83881,-1,0
P62851:Q02878,-1,-1
P62851:Q9UQ80,-1,0
P62854:Q9Y257,0,-1
P62857:P62857,-1,0
P62857:P62888,-1,0
P62857:P62891,-1,-1
P62857:P62906,-1,0
P62857:P62913,-1,-1
P62857:P62917,-1,-1
P62857:P62979,-1,-1
P62857:P63220,-1,-1
P62857:P63244,1,-1
P62857:P83731,-1,-1
P62857:P83881,-1,-1
P62857:P84098,1,-1
P62861:P62888,-1,0
P62861:P62906,-1,0
P62861:P62979,-1,0
P62861:P83881,-1,0
P62861:P84098,-1,-1
P62861:Q2NL82,1,1
P62873:P62873,1,1
P62873:P63092,1,1
P62873:P63096,1,1
P62873:Q01718,1,1
P62873:Q8TCY5,-1,-1
P62873:Q96LB2,1,1
P62873:Q99835,1,1
P62873:Q9NRI5,-1,-1
P62873:Q9Y2T5,1,1
P62875:Q9NVU0,1,1
P62875:Q9NW08,1,1
P62875:Q9NWA0,-1,0
P62875:Q9Y2Y1,-1,-1
P62877:P62877,1,1
P62877:P63208,1,-1
P62877:Q13616,1,1
P62877:Q13617,1,1
P62877:Q13618,1,1
P62877:Q13619,1,1
P62877:Q13620,1,-1
P62877:Q15369,1,0
P62877:Q15370,1,0
P62877:Q15843,1,1
P62877:Q86VP6,1,1
P62877:Q92624,1,1
P62877:Q9UNS2,-1,0
P62888:P62891,-1,-1
P62888:P62906,-1,-1
P62888:P62913,-1,-1
P62888:Q9UNZ5,0,-1
P62891:P62906,-1,0
P62891:P62979,-1,0
P62891:P83881,-1,0
P62891:P84098,-1,1
P62891:Q8NBP7,1,1
P62899:P62899,0,0
P62906:P62906,0,0
P62906:P62910,-1,-1
P62906:P62913,1,1
P62906:P62917,-1,-1
P62906:P62979,-1,-1
P62906:P62987,-1,-1
P62906:P83731,-1,-1
P62906:P83881,1,1
P62906:P84098,-1,-1
P62906:Q07020,-1,-1
P62906:Q96D46,1,1
P62910:P63244,-1,0
P62910:Q9UNZ5,0,-1
P62913:P62979,-1,-1
P62913:P84098,-1,-1
P62917:P62979,-1,-1
P62917:P83881,-1,1
P62917:P84098,-1,-1
P62917:Q9UKD2,-1,0
P62979:P62979,1,1
P62979:P62987,-1,-1
P62979:P83731,-1,-1
P62979:Q02878,-1,-1
P62979:Q2NL82,1,1
P62979:Q96L21,-1,0
P62987:P62987,1,1
P62987:Q15797,1,-1
P62987:Q6NZ36,1,1
P62987:Q9NX58,-1,0
P62987:Q9UQ80,-1,0
P62993:P62993,1,1
P63000:P63000,1,1
P63092:P63092,1,1
P63096:P63096,1,1
P63096:Q96LB2,1,1
P63098:P63098,1,1
P63104:P63104,1,1
P63104:Q16613,1,-1
P63104:Q6UUV9,1,1
P63104:Q92934,1,-1
P63104:Q99459,-1,-1
P63104:Q9NRI5,-1,-1
P63104:Q9P0K1,1,-1
P63104:Q9P0N9,1,1
P63104:Q9UBF8,1,1
P63104:Q9UQ84,1,-1
P63146:Q9Y3C7,-1,-1
P63220:P63220,0,0
P63220:P63244,-1,-1
P63220:Q96L21,-1,0
P63244:P63244,1,1
P63244:P83731,-1,-1
P63279:Q13485,1,-1
P63279:Q13569,1,-1
P63279:Q16665,1,-1
P63279:Q5JVS0,-1,-1
P63279:Q5STR5,1,-1
P63279:Q8IUQ4,1,-1
P63279:Q8N2W9,1,-1
P63279:Q99684,1,-1
P63279:Q9BUZ4,1,-1
P63279:Q9BYV2,1,-1
P63279:Q9H2X6,1,-1
P63313:Q53S33,0,-1
P67870:Q8IV63,-1,-1
P68431:P68431,1,1
P68431:Q86UQ0,0,-1
P68431:Q8IYW5,-1,0
P68431:Q8WTS6,1,1
P68431:Q96A08,-1,0
P68431:Q9NQR1,1,1
P68431:Q9NXA8,1,1
P68431:Q9ULG1,1,1
P68431:Q9ULM3,1,1
P68431:Q9Y294,1,1
P68431:Q9Y5B9,1,1
P68871:P68871,1,1
P78356:Q99687,0,-1
P78382:Q8WWF3,-1,-1
P78383:Q13113,-1,-1
P78417:Q9BYQ0,0,-1
P79522:Q8N0Z3,0,-1
P81534:Q15125,-1,-1
P82251:Q5VTT2,0,-1
P82650:P82914,-1,0
P82650:Q16540,-1,-1
P82650:Q9P0J6,-1,-1
P82663:P82663,0,0
P82663:P82664,-1,0
P82663:P82673,-1,-1
P82663:P82912,-1,0
P82663:P82921,-1,0
P82663:P82930,-1,0
P82663:P82933,-1,-1
P82663:Q16540,-1,-1
P82663:Q4U2R6,-1,0
P82663:Q96A35,-1,0
P82664:P82914,-1,0
P82664:Q16540,-1,-1
P82664:Q6P1L8,-1,0
P82673:P82914,-1,0
P82673:Q16540,-1,0
P82673:Q8IXM3,-1,-1
P82673:Q9Y676,-1,0
P82675:P82914,-1,-1
P82912:Q9BYD2,-1,-1
P82914:P82930,-1,0
P82914:P82933,-1,-1
P82914:Q16540,-1,-1
P82914:Q4U2R6,-1,0
P82914:Q86YF9,0,-1
P82914:Q9BYD1,-1,0
P82914:Q9NVS2,-1,0
P82914:Q9Y399,-1,0
P82921:Q16540,-1,-1
P82921:Q96DV4,-1,-1
P82930:Q16540,-1,-1
P82932:P82933,-1,-1
P82933:Q16540,-1,0
P82933:Q9BYD1,-1,0
P82933:Q9Y3D3,-1,0
P82980:P82980,1,1
P83105:P98170,1,-1
P83110:P98170,1,-1
P83110:Q5BJE1,0,-1
P83369:Q969L4,1,1
P83369:Q9P0L9,0,-1
P83369:Q9UKF6,1,1
P83731:P83881,-1,0
P83731:P84098,-1,0
P83731:Q15849,0,-1
P83876:Q2TAY7,-1,0
P83876:Q6P179,0,-1
P83881:P83881,0,0
P83881:P84098,-1,-1
P83881:Q6NXS1,0,-1
P83881:Q96D46,1,1
P83881:Q9UKD2,-1,0
P84090:P84090,1,1
P84098:P84098,0,0
P84103:Q4J6C6,0,-1
P84243:P84243,1,1
P84243:Q49A26,1,1
P86480:Q9UBD0,0,-1
P86496:Q9NUK0,-1,-1
P98066:P98066,1,1
P98170:Q6GPH4,1,-1
P98172:P98172,1,1
P99999:P99999,1,1
P99999:Q6A162,1,-1
Q00059:Q00059,1,1
Q00169:Q00169,1,1
Q00325:Q9H9S0,0,-1
Q00403:Q00403,1,1
Q00597:Q9HB96,1,1
Q00978:Q8IXT2,-1,-1
Q00987:Q16665,1,-1
Q00987:Q92831,1,-1
Q00LT1:Q5I0X7,0,-1
Q01081:Q01081,0,0
Q01105:Q8IY49,0,-1
Q01658:Q8NFU5,0,-1
Q01718:Q01718,0,0
Q01718:Q8TCY5,1,1
Q01780:Q9Y6Q6,0,-1
Q01995:Q96AP0,-1,-1
Q02127:Q8NHW3,0,-1
Q02223:Q6UW68,0,-1
Q02363:Q8TCZ2,0,-1
Q02535:Q8NEX9,0,-1
Q02543:Q99848,-1,0
Q02543:Q9UHA3,-1,0
Q03111:Q9HC52,1,-1
Q03181:Q9BQ24,0,-1
Q03188:Q5QNW6,1,1
Q03188:Q6FI13,1,1
Q03188:Q6P1K2,1,1
Q03188:Q93077,1,1
Q03188:Q96IY1,1,1
Q03188:Q9H081,1,1
Q03188:Q9H410,1,1
Q03468:Q13216,1,1
Q04446:Q8NH61,0,-1
Q04941:Q13323,-1,-1
Q05084:Q15486,0,-1
Q05D32:Q9NR82,0,-1
Q06265:Q9NQT5,1,1
Q06265:Q9Y2L1,1,1
Q06265:Q9Y3B2,1,0
Q06323:Q13885,-1,-1
Q06323:Q9UL46,1,1
Q06330:Q7Z6K4,1,1
Q06330:Q92585,1,1
Q06609:Q9NP61,0,-1
Q07001:Q16773,0,-1
Q07325:Q96LL3,-1,-1
Q08752:Q86Y78,0,-1
Q08AE8:Q5FWF6,0,-1
Q08AF8:Q75WM6,0,-1
Q08E93:Q8N6M3,0,-1
Q0VDG4:Q6IPT2,0,-1
Q0VG06:Q0VG06,1,1
Q12874:Q9Y3B4,1,1
Q12891:Q9P0Z9,0,-1
Q12908:Q5TBE3,0,-1
Q12933:Q13077,1,0
Q12933:Q13489,1,1
Q13072:Q6RSH7,0,-1
Q13084:Q16540,-1,0
Q13098:Q14541,0,-1
Q13098:Q15369,1,1
Q13098:Q15370,1,1
Q13098:Q7L5N1,1,1
Q13098:Q92905,1,1
Q13098:Q99627,1,1
Q13098:Q9BT78,1,1
Q13099:Q8N3Y1,0,-1
Q13148:Q96G75,-1,-1
Q13148:Q9UNZ2,-1,-1
Q13228:Q96LT4,0,-1
Q13291:Q13291,1,0
Q13291:Q9H237,0,-1
Q13322:Q6Y7W6,1,-1
Q13323:Q16548,1,-1
Q13323:Q92843,1,-1
Q13324:Q969E3,1,-1
Q13330:Q13547,1,1
Q13330:Q9UBB5,1,1
Q13351:Q8IXQ9,0,-1
Q13352:Q8N2Z9,-1,-1
Q13356:Q13573,1,1
Q13371:Q9NX62,0,-1
Q13404:Q6UXP7,0,-1
Q13405:Q9H9J2,-1,-1
Q13405:Q9P0J6,-1,-1
Q13427:Q13573,1,0
Q13444:Q96HE9,0,-1
Q13501:Q14145,1,-1
Q13501:Q14596,1,-1
Q13501:Q969Q1,1,-1
Q13501:Q9GZQ8,1,-1
Q13501:Q9H0R8,1,-1
Q13501:Q9H492,1,-1
Q13501:Q9UHD2,1,-1
Q13503:Q7Z7C8,-1,-1
Q13503:Q9BTT4,1,1
Q13503:Q9NPJ6,1,1
Q13503:Q9NVC6,1,1
Q13503:Q9NWA0,1,1
Q13503:Q9P086,1,0
Q13510:Q96CE8,0,-1
Q13526:Q8IZ69,-1,-1
Q13617:Q13617,1,1
Q13617:Q15369,1,1
Q13617:Q15370,1,1
Q13617:Q92624,1,1
Q13627:Q52LA3,1,-1
Q13627:Q8NCN4,1,-1
Q13867:Q86SM8,0,-1
Q13951:Q13951,1,1
Q13951:Q15369,1,1
Q13951:Q15370,1,1
Q14019:Q6UWV6,0,-1
Q14190:Q8IYT2,0,-1
Q14197:Q7Z7F7,-1,0
Q14197:Q9BYC9,-1,0
Q14197:Q9Y399,-1,0
Q14213:Q6UXA7,0,-1
Q14254:Q93097,0,-1
Q14376:Q96GC5,0,-1
Q14406:Q8N9N8,0,-1
Q14534:Q8NBW4,0,-1
Q14691:Q96I27,0,-1
Q14696:Q8NE31,-1,-1
Q14697:Q9BR77,0,-1
Q14974:Q16181,0,-1
Q14CX5:Q9UL59,0,-1
Q15018:Q9NXR7,1,1
Q15019:Q15019,1,1
Q15019:Q16181,1,0
Q15022:Q96J02,0,-1
Q15038:Q9NRQ2,-1,-1
Q15040:Q8IUG1,-1,-1
Q15041:Q9Y4P8,-1,-1
Q15070:Q96A35,1,1
Q15070:Q9BRJ2,1,1
Q15070:Q9HD33,1,1
Q15070:Q9P202,0,-1
Q15070:Q9Y291,-1,0
Q15072:Q96HA4,0,-1
Q15125:Q8N2H4,-1,-1
Q15125:Q9BV81,-1,-1
Q15286:Q8WXH2,-1,-1
Q15323:Q8N5M4,-1,-1
Q15369:Q15369,1,1
Q15369:Q15370,1,1
Q15369:Q712K3,0,0
Q15369:Q92624,1,1
Q15370:Q15370,1,1
Q15370:Q16665,1,0
Q15370:Q8WXH5,1,-1
Q15370:Q92624,1,1
Q15370:Q93034,1,0
Q15370:Q96DX5,1,1
Q15382:Q15382,1,1
Q15393:Q15427,1,1
Q15393:Q7RTV0,1,1
Q15393:Q92917,1,1
Q15404:Q15404,0,0
Q15528:Q9Y3C7,1,-1
Q15545:Q9P086,-1,0
Q15554:Q96AP0,1,-1
Q15629:Q9BYQ4,0,-1
Q15750:Q9NYJ8,1,-1
Q15762:Q15762,1,1
Q15788:Q92731,1,1
Q15788:Q92753,1,-1
Q15788:Q96RI1,1,1
Q15796:Q15797,1,-1
Q15796:Q9HAU4,1,-1
Q15818:Q9Y5K3,0,-1
Q15847:Q8N0Y2,0,-1
Q15907:Q15907,1,-1
Q16082:Q16082,1,1
Q16236:Q6P1K2,1,-1
Q16348:Q5T2W1,1,1
Q16514:Q16514,1,0
Q16514:Q96F83,0,-1
Q16520:Q16520,-1,-1
Q16520:Q16534,-1,-1
Q16540:Q16540,0,0
Q16540:Q4U2R6,-1,0
Q16540:Q8NC06,0,-1
Q16540:Q9NYK5,1,1
Q16543:Q6PIF2,-1,-1
Q16548:Q16548,1,0
Q16548:Q16611,1,1
Q16548:Q92934,1,-1
Q16548:Q96PG8,0,-1
Q16552:Q96F46,1,1
Q16552:Q96PD4,1,1
Q16555:Q9NRI5,-1,-1
Q16594:Q5VWG9,1,1
Q16609:Q9NRD5,0,-1
Q16613:Q9Y5C1,0,-1
Q16637:Q16637,1,0
Q16659:Q9H6Z9,1,-1
Q16695:Q9UKL0,1,-1
Q16864:Q9NS75,0,-1
Q1AE95:Q8NH93,0,-1
Q1AE95:Q8WTX7,0,-1
Q1ED39:Q86X59,0,-1
Q1RMZ1:Q6NX45,0,-1
Q1W6H9:Q5SSJ5,0,-1
Q1XH10:Q495A1,0,-1
Q2MKA7:Q68DV7,1,1
Q2NKJ3:Q86WV5,1,1
Q2QD12:Q2TAA2,0,-1
Q2WGJ6:Q8IVD9,-1,-1
Q30KR1:Q9H299,0,-1
Q3B7I2:Q969W1,0,-1
Q3LHN2:Q9BRV8,0,-1
Q3LI64:Q96RI0,0,-1
Q3LI66:Q9UBP5,-1,-1
Q3LI72:Q96LX7,-1,-1
Q3SXM0:Q92564,0,-1
Q3SXY8:Q5TGU0,-1,-1
Q3SXY8:Q86YL5,0,-1
Q3SXY8:Q9H0Q3,-1,-1
Q3SYF9:Q8NGJ7,0,-1
Q496A3:Q70JA7,0,-1
Q49AM3:Q8N104,0,-1
Q4G0W2:Q4G0W2,1,1
Q4G0W2:Q8NCU1,0,-1
Q4G148:Q9H628,0,-1
Q4U2R6:Q9BZE1,-1,0
Q4V339:Q9P1P5,0,-1
Q4VC31:Q6UWT2,0,-1
Q52LA3:Q92784,0,-1
Q53G59:Q8N8B7,-1,-1
Q53GS7:Q53GS7,1,1
Q53GS7:Q9UMR2,1,1
Q53HC5:Q9Y266,-1,-1
Q58FF8:Q92522,0,-1
Q5BKT4:Q5VT66,0,-1
Q5DJT8:Q8N4T0,0,-1
Q5EBL4:Q8WWA0,0,-1
Q5F1R6:Q6NVU6,0,-1
Q5FBB7:Q86XP6,0,-1
Q5FWE3:Q5T2R2,0,-1
Q5GJ75:Q5GJ75,1,1
Q5GJ75:Q5VTH2,0,-1
Q5H9L4:Q8N0X7,0,-1
Q5JRM2:Q99469,0,-1
Q5JS54:Q5JS54,1,1
Q5JX71:Q969Y0,-1,-1
Q5JX71:Q9UNI6,0,-1
Q5MY95:Q9NP92,0,-1
Q5RKV6:Q5RKV6,-1,0
Q5RL73:Q96RU7,-1,-1
Q5SGD2:Q6NSW5,0,-1
Q5SV97:Q8IWL3,0,-1
Q5SZQ8:Q5VTL8,0,-1
Q5T0D9:Q96QA5,0,-1
Q5T0U0:Q96LD8,0,-1
Q5T1C6:Q86YJ5,0,-1
Q5T1J5:Q6P093,0,-1
Q5T442:Q6TGC4,0,-1
Q5T4W7:Q5T4W7,1,1
Q5T653:Q9BYD2,1,0
Q5T700:Q96F15,-1,-1
Q5T752:Q6L8H2,-1,-1
Q5T871:Q9BYQ6,-1,-1
Q5TA79:Q9BYR7,-1,-1
Q5TGY1:Q9UBQ0,-1,-1
Q5U4N7:Q9NWQ9,0,-1
Q5U5X8:Q8N8D7,0,-1
Q5VTE0:Q92499,0,-1
Q5VTR2:Q6P1J9,1,-1
Q5VTT2:Q8TC29,-1,-1
Q5VUJ9:Q9UL41,0,-1
Q5VVQ6:Q5VVQ6,1,1
Q5VVY1:Q5VVY1,1,1
Q5VYX0:Q5VYX0,1,1
Q5VZ72:Q9NS18,0,-1
Q5VZV1:Q5VZV1,1,1
Q5W111:Q8WXQ8,0,-1
Q5XKP0:Q96RI1,0,-1
Q5XKR9:Q92633,0,-1
Q68CL5:Q8IUH5,-1,-1
Q68D20:Q9NQF3,0,-1
Q68DK7:Q7Z5A8,0,-1
Q69YL0:Q6NXT1,0,-1
Q6A555:Q92989,0,-1
Q6AZY7:Q9GZQ8,0,-1
Q6B0B8:Q96A56,0,-1
Q6DD88:Q8IWV1,0,-1
Q6DKI2:Q8IUH5,-1,-1
Q6DKI7:Q70UQ0,0,-1
Q6DKK2:Q8IWF9,0,-1
Q6FHJ7:Q8N8H1,0,-1
Q6GTX8:Q9BYP8,0,-1
Q6IEE8:Q9NNZ6,0,-1
Q6IEZ7:Q9BWJ2,0,-1
Q6L8H1:Q9BYQ4,-1,-1
Q6N075:Q6UXG8,-1,-1
Q6NUT3:Q86VR8,0,-1
Q6NVU6:Q9HB20,0,-1
Q6NVV1:Q9UIR0,0,-1
Q6NXP2:Q9Y530,0,-1
Q6NXT6:Q86YD3,0,-1
Q6P161:Q9H0U6,-1,0
Q6P1J9:Q8WVC0,1,0
Q6P1J9:Q92541,1,-1
Q6P1J9:Q9GZS3,1,-1
Q6P1L8:Q7Z7F7,-1,0
Q6P1L8:Q8N983,-1,0
Q6P1L8:Q92665,-1,-1
Q6P1L8:Q9NP92,-1,0
Q6P1L8:Q9P0P8,-1,-1
Q6P1N9:Q92564,0,-1
Q6P1S2:Q8N565,0,-1
Q6P2C0:Q8N8D7,0,-1
Q6P2I7:Q6ZV60,0,-1
Q6P4F2:Q6P4F2,1,1
Q6P587:Q6P587,1,1
Q6P587:Q9NP72,0,-1
Q6P587:Q9UBM1,0,-1
Q6P5S7:Q9Y5K8,-1,-1
Q6PCB6:Q9Y271,0,-1
Q6PHW0:Q86WT6,1,-1
Q6PIF2:Q9BXU0,1,1
Q6PIV2:Q86SG7,0,-1
Q6PJ21:Q99877,0,-1
Q6PJ69:Q9BYX4,1,1
Q6PJE2:Q9BRR6,0,-1
Q6PKH6:Q92685,0,-1
Q6PL45:Q96BA8,-1,-1
Q6RFH5:Q9UHA3,-1,0
Q6RSH7:Q9P2S5,0,-1
Q6UE05:Q8TAG5,0,-1
Q6UW01:Q86YF9,0,-1
Q6UW56:Q6UWE0,0,-1
Q6UWE3:Q96GM1,0,-1
Q6UWJ8:Q86VD7,0,-1
Q6UXB1:Q8IUH3,0,-1
Q6WN34:Q9UPV7,0,-1
Q6XE24:Q6ZV60,0,-1
Q6XE38:Q8NCL8,0,-1
Q6YI46:Q86VD7,0,-1
Q6ZRY4:Q96IZ5,-1,-1
Q6ZT21:Q96QZ0,0,-1
Q6ZUS5:Q96R72,0,-1
Q6ZUU3:Q9P1W9,0,-1
Q6ZYL4:Q6ZYL4,1,1
Q6ZYL4:Q8IX94,0,-1
Q70EK9:Q9ULB5,0,-1
Q71DI3:Q71DI3,1,1
Q71DI3:Q93079,-1,0
Q71U36:Q71U36,1,1
Q71U36:Q8N300,-1,0
Q71UI9:Q71UI9,1,1
Q7L2Z9:Q9NSP4,-1,0
Q7L523:Q9HB90,1,1
Q7L523:Q9P278,1,1
Q7L523:Q9Y2Q5,1,1
Q7L576:Q8WUW1,1,1
Q7L576:Q92558,1,1
Q7L576:Q9NYB9,1,1
Q7L5N1:Q7L5N1,1,1
Q7L5N1:Q92905,1,1
Q7L5N1:Q99627,1,1
Q7L5N1:Q9BT78,1,1
Q7L5N1:Q9H9Q2,1,1
Q7RTT3:Q8NFX7,0,-1
Q7RTT6:Q96E39,0,-1
Q7RTT6:Q9BWJ2,0,-1
Q7Z2W9:Q8IXM3,-1,-1
Q7Z4H3:Q7Z4H3,1,1
Q7Z4J2:Q86Y56,0,-1
Q7Z4W1:Q7Z4W1,1,1
Q7Z5G4:Q9NS61,-1,-1
Q7Z5P4:Q8WWW0,0,-1
Q7Z699:Q9NPF4,-1,-1
Q7Z6K4:Q8IU81,0,-1
Q7Z6K5:Q86XQ3,0,-1
Q7Z7E8:Q9Y328,0,-1
Q7Z7F7:Q9H3J6,-1,-1
Q86T26:Q9NPC8,0,-1
Q86TI4:Q99731,0,-1
Q86TS9:Q8IXM3,-1,-1
Q86TS9:Q9BQC6,1,1
Q86TS9:Q9BYC9,1,1
Q86TV6:Q9BYI3,1,1
Q86UA6:Q96NB1,0,-1
Q86UD1:Q9BRT3,0,-1
Q86UU9:Q9BWT1,0,-1
Q86UY6:Q86UY6,1,1
Q86V85:Q9ULV8,0,-1
Q86VV4:Q8IYN2,0,-1
Q86VX2:Q9H0A8,1,0
Q86W33:Q9BSE5,0,-1
Q86WQ0:Q92686,0,-1
Q86WV6:Q9BWQ6,-1,-1
Q86X83:Q8NFW5,0,-1
Q86XN8:Q8IWP9,0,-1
Q86XR5:Q9BT17,0,-1
Q86XR7:Q86XR7,1,-1
Q86XT2:Q92826,0,-1
Q86Y39:Q86Y39,0,0
Q86YJ5:Q8N8H1,0,-1
Q86YL7:Q86YL7,1,-1
Q86YS6:Q86YS6,1,1
Q8IU81:Q8TD06,0,-1
Q8IU89:Q9BZM3,0,-1
Q8IUC0:Q9H6Z4,-1,-1
Q8IUC1:Q8WU58,-1,-1
Q8IUC1:Q9NQC8,0,-1
Q8IUG1:Q9BYR5,-1,-1
Q8IV08:Q96DN0,0,-1
Q8IVW8:Q96I99,0,-1
Q8IW93:Q9UGQ3,0,-1
Q8IWL3:Q8IWL3,1,1
Q8IWT0:Q8IWT0,1,-1
Q8IWT1:Q8IWT1,1,1
Q8IX90:Q8WVK7,1,1
Q8IX90:Q96BD8,1,1
Q8IXE1:Q9H1B4,0,-1
Q8IXH7:Q8WX92,1,1
Q8IXH7:Q9H3P2,1,1
Q8IXL7:Q8IXL7,1,1
Q8IXM3:Q96A35,1,1
Q8IXM3:Q9GZT3,-1,0
Q8IXM3:Q9NWT8,-1,0
Q8IXR9:Q96MT1,0,-1
Q8IXW0:Q9BYQ3,-1,-1
Q8IY26:Q96K19,-1,-1
Q8IYJ0:Q9P0M4,0,-1
Q8IYP2:Q8WTR8,0,-1
Q8IYW5:Q8IYW5,1,1
Q8IZ20:Q8WUF5,0,-1
Q8IZU0:Q9BX74,0,-1
Q8N0Z3:Q8TF44,0,-1
Q8N159:Q8TCU3,0,-1
Q8N2U9:Q8NH40,0,-1
Q8N4E4:Q96FM1,0,-1
Q8N4H5:Q9NY26,0,-1
Q8N4L1:Q9NY27,0,-1
Q8N4P3:Q8N4P3,1,1
Q8N5D6:Q8WVP7,0,-1
Q8N5D6:Q9UBQ6,0,-1
Q8N5D6:Q9Y5Q6,0,-1
Q8N5I2:Q9HBA9,0,-1
Q8N5N7:Q96A35,1,0
Q8N5N7:Q9H0U6,1,0
Q8N5N7:Q9H4K7,-1,-1
Q8N5N7:Q9NP92,1,0
Q8N5U0:Q8N5W8,0,-1
Q8N668:Q9NUR3,0,-1
Q8N687:Q96KX1,0,-1
Q8N6F1:Q96DU3,-1,-1
Q8N6L0:Q96LL9,-1,-1
Q8N7C7:Q969M1,0,-1
Q8N7W2:Q9NVV9,-1,-1
Q8N801:Q8NGL0,0,-1
Q8N8I0:Q9H7S9,0,-1
Q8N960:Q96MW1,0,-1
Q8N983:Q9H0U6,-1,0
Q8N983:Q9P0J6,-1,-1
Q8NAJ2:Q9H773,0,-1
Q8NAV1:Q9H6K4,0,-1
Q8NB91:Q8NB91,1,1
Q8NBC4:Q9H341,0,-1
Q8NBX0:Q9Y388,0,-1
Q8NC69:Q8WWY3,1,-1
Q8NCE0:Q9H1J1,0,-1
Q8NCN4:Q93009,1,1
Q8NCT1:Q9BQG2,0,-1
Q8ND04:Q9H0W8,1,1
Q8NE86:Q9BPX6,1,1
Q8NEG2:Q9NPE6,0,-1
Q8NEQ6:Q9Y6X1,0,-1
Q8NET1:Q96PD6,0,-1
Q8NEV9:Q9NWU5,0,-1
Q8NFA2:Q8NGK6,0,-1
Q8NGF1:Q9BYQ8,0,-1
Q8NGL2:Q9UBQ5,0,-1
Q8NGL6:Q9HBM6,0,-1
Q8NH19:Q9NWW6,0,-1
Q8NH74:Q8TDH9,0,-1
Q8NHS2:Q9UI38,0,-1
Q8NHW6:Q9NW64,0,-1
Q8NI38:Q96PK6,-1,-1
Q8TAD8:Q9Y4Z0,-1,-1
Q8TAM6:Q9BYP9,0,-1
Q8TAP6:Q9NP98,-1,-1
Q8TBB1:Q8TBB1,1,1
Q8TBG4:Q9NRX2,0,-1
Q8TCC3:Q96DV4,1,1
Q8TCC3:Q9BQC6,1,1
Q8TCC3:Q9BYC9,1,1
Q8TCC3:Q9NX20,1,1
Q8TCC3:Q9Y6G3,1,1
Q8TCJ2:Q9H0U3,1,1
Q8TCY5:Q8TCY5,1,0
Q8WTU2:Q9NRQ2,-1,-1
Q8WUX2:Q92597,0,-1
Q8WVF1:Q9Y6M9,0,-1
Q8WVK2:Q9BWJ5,-1,-1
Q8WW24:Q9BS26,0,-1
Q8WWF3:Q9H1C4,-1,-1
Q8WWF5:Q9BW60,0,-1
Q8WWI5:Q99856,0,-1
Q8WWP7:Q9NY72,-1,-1
Q8WXC6:Q9UNS2,1,-1
Q8WY98:Q969S6,-1,-1
Q8WZ84:Q9BT17,0,-1
Q92542:Q92542,0,0
Q92542:Q96BI3,1,1
Q92542:Q9NZ42,1,1
Q92552:Q9P0M9,-1,0
Q92624:Q92624,1,1
Q92843:Q9NYZ3,0,-1
Q92952:Q9HAY2,0,-1
Q92994:Q9H0N5,-1,-1
Q93077:Q969G3,-1,-1
Q969F0:Q96D59,-1,-1
Q969G2:Q9BYQ9,0,-1
Q969H6:Q9H633,1,0
Q969K7:Q9NPL8,-1,-1
Q969L2:Q9P2R7,-1,-1
Q969T4:Q9Y5W9,0,-1
Q969U7:Q969U7,0,0
Q969V4:Q9Y5B8,-1,-1
Q96A35:Q9GZT3,0,0
Q96A35:Q9Y676,-1,0
Q96A65:Q9NV70,1,-1
Q96A72:Q9Y5S9,1,1
Q96BA8:Q9NWW5,-1,-1
Q96BI1:Q9Y2Y4,0,-1
Q96BI3:Q96BI3,-1,0
Q96BI3:Q9NZ42,-1,0
Q96BP2:Q9NX20,-1,-1
Q96CB9:Q9BYC8,-1,0
Q96CH1:Q9Y4X0,0,-1
Q96CS2:Q9NVX0,1,-1
Q96CX3:Q9HBL7,0,-1
Q96DV4:Q9H0U6,1,1
Q96DV4:Q9NQ50,1,1
Q96DV4:Q9NZE8,1,1
Q96DV4:Q9P015,1,1
Q96DV4:Q9P0M9,1,1
Q96DW6:Q9H4T2,-1,-1
Q96DX5:Q96DX5,1,1
Q96DZ9:Q96PE7,1,-1
Q96DZ9:Q99259,1,-1
Q96DZ9:Q9P2R7,1,-1
Q96DZ9:Q9ULP0,1,-1
Q96E11:Q9Y399,-1,-1
Q96E40:Q9Y6A4,-1,-1
Q96EC8:Q9BWQ6,-1,-1
Q96EC8:Q9Y375,-1,-1
Q96EH3:Q9BYC8,-1,0
Q96EH3:Q9H3J6,-1,-1
Q96EH3:Q9NZE8,-1,0
Q96EH8:Q9Y6Q3,0,-1
Q96EL3:Q96GC5,-1,0
Q96EL3:Q9BQ48,-1,0
Q96EV8:Q96MV8,0,-1
Q96EY9:Q9H2F3,0,-1
Q96F63:Q9GZL8,0,-1
Q96FT9:Q9UQ74,0,-1
Q96G25:Q9H944,1,-1
Q96GC5:Q9NYK5,-1,0
Q96H20:Q96H20,1,0
Q96HR3:Q9NPJ6,1,0
Q96HY6:Q9BPY8,0,-1
Q96I25:Q9UL45,0,-1
Q96IY1:Q96IY1,1,0
Q96IY1:Q9H081,1,1
Q96IY1:Q9H410,1,1
Q96IZ2:Q96LS8,0,-1
Q96J01:Q9H2H9,0,-1
Q96J02:Q9H3D4,1,-1
Q96J02:Q9H3M7,1,1
Q96J42:Q99811,0,-1
Q96J92:Q9UH77,1,-1
Q96J94:Q9Y2W6,1,-1
Q96JB5:Q9NRI5,-1,-1
Q96JC1:Q9H270,1,-1
Q96JW4:Q9BQ51,-1,-1
Q96JX3:Q9UKT9,0,-1
Q96KP6:Q9NVG8,0,-1
Q96LB2:Q96LB2,0,0
Q96LC9:Q9NP94,0,-1
Q96LM9:Q9NRQ5,0,-1
Q96LY2:Q9UGY1,0,-1
Q96M61:Q9UGC7,0,-1
Q96MM7:Q9BZM6,0,-1
Q96MX6:Q9ULS6,0,-1
Q96NC0:Q9Y333,-1,-1
Q96PC2:Q9BV86,0,-1
Q96PP4:Q9H237,0,-1
Q96Q35:Q9UBN4,0,-1
Q96SW2:Q9BU19,1,1
Q96SW2:Q9UKS7,1,1
Q99436:Q99436,1,0
Q99714:Q9BWG6,0,-1
Q99719:Q9P0V9,1,-1
Q99750:Q9BT49,-1,-1
Q99816:Q9H9H4,1,1
Q99816:Q9UK41,1,1
Q99832:Q9NQP4,1,1
Q99933:Q9H112,0,-1
Q9BRJ2:Q9Y3D9,-1,-1
Q9BRT6:Q9UKD2,0,0
Q9BRT9:Q9Y248,1,1
Q9BSW7:Q9Y3Q8,-1,-1
Q9BSY4:Q9Y570,0,-1
Q9BTD8:Q9Y333,-1,-1
Q9BUE0:Q9P086,1,1
Q9BUI4:Q9H1D9,1,1
Q9BUI4:Q9NW08,1,1
Q9BUI4:Q9Y535,1,1
Q9BUR4:Q9NPE3,1,1
Q9BUR4:Q9NX24,1,1
Q9BUR4:Q9NY12,1,1
Q9BVC3:Q9BYD9,0,-1
Q9BVI4:Q9C0E8,-1,-1
Q9BVK2:Q9NR31,-1,-1
Q9BVS5:Q9H7L2,0,-1
Q9BVW6:Q9NYT0,0,-1
Q9BWJ5:Q9HBM6,-1,0
Q9BXJ4:Q9H4S2,0,-1
Q9BXS1:Q9HB31,0,-1
Q9BYC9:Q9P0P8,-1,-1
Q9BYD1:Q9Y3B7,-1,-1
Q9BYD2:Q9BYD2,1,1
Q9BYG3:Q9BYG3,-1,0
Q9BYG3:Q9UHA3,-1,0
Q9BYN8:Q9NRX2,-1,0
Q9BYN8:Q9P0J6,-1,0
Q9BYN8:Q9Y3D9,-1,0
Q9BYV6:Q9UBF9,-1,-1
Q9BZE1:Q9HD33,1,1
Q9BZE1:Q9NP92,1,1
Q9BZI7:Q9Y5S9,1,1
Q9BZJ0:Q9HCS7,1,1
Q9BZJ0:Q9NW64,1,1
Q9C005:Q9NW75,-1,-1
Q9GZQ3:Q9H0A8,1,0
Q9GZT3:Q9Y2R5,-1,-1
Q9GZT3:Q9Y6G3,-1,-1
Q9H0F5:Q9H0F5,1,0
Q9H0W8:Q9HAF1,0,-1
Q9H204:Q9P0W0,0,-1
Q9H2H0:Q9UPC5,0,-1
Q9H2K0:Q9Y291,-1,0
Q9H2W6:Q9NQ50,1,1
Q9H2Z4:Q9UHQ4,0,-1
Q9H330:Q9NVU0,0,-1
Q9H3R5:Q9H3R5,1,0
Q9H467:Q9UJ72,0,-1
Q9H4F1:Q9NRG7,0,-1
Q9H5V9:Q9P013,0,0
Q9H5V9:Q9UNP9,-1,0
Q9H6E4:Q9NZ43,0,-1
Q9H6T3:Q9NUG6,1,-1
Q9H8S9:Q9HA77,0,-1
Q9H944:Q9NWA0,1,-1
Q9HA38:Q9Y5J6,0,-1
Q9HB90:Q9P278,1,1
Q9HB90:Q9UHA4,1,1
Q9HB90:Q9Y2Q5,1,1
Q9HB96:Q9NPI8,1,-1
Q9HD33:Q9P0P8,-1,0
Q9NPD3:Q9Y3B2,1,0
Q9NPJ6:Q9NX70,1,-1
Q9NQ50:Q9P0J6,-1,0
Q9NR50:Q9UI10,1,1
Q9NRX1:Q9Y324,-1,-1
Q9NRX2:Q9NRX2,0,0
Q9NRX2:Q9Y2Q9,-1,0
Q9NS69:Q9NS69,-1,0
Q9NSD7:Q9Y587,0,-1
Q9NTM9:Q9Y2P4,-1,-1
Q9NV12:Q9UGM5,0,-1
Q9NVJ2:Q9P0P8,0,-1
Q9NX14:Q9Y6M9,1,1
Q9NX20:Q9NX20,0,0
Q9NX20:Q9P0M9,1,1
Q9NX70:Q9Y2X0,1,1
Q9NX70:Q9Y3C7,1,0
Q9NYB9:Q9P2A4,-1,-1
Q9NYS7:Q9UKT6,0,-1
Q9NZ42:Q9NZ42,0,0
Q9P013:Q9P013,0,0
Q9P0J6:Q9Y2R5,-1,0
Q9UBW8:Q9UNS2,1,1
Q9UBY9:Q9UJY1,1,-1
Q9UBZ9:Q9UI95,1,1
Q9UBZ9:Q9UNA4,1,-1
Q9UBZ9:Q9Y253,1,1
Q9UK41:Q9UK41,1,1
Q9UK45:Q9Y333,1,-1
Q9UK45:Q9Y4Y9,1,1
Q9UK45:Q9Y4Z0,1,1
Q9UKD2:Q9Y221,-1,-1
Q9UMR2:Q9UMR2,1,1
Q9UQ13:Q9UQ13,1,1
Q9Y2B4:Q9Y689,0,-1
Q9Y2Q5:Q9Y2Q5,1,1
Q9Y2R5:Q9Y3D9,-1,1
Q9Y376:Q9Y376,1,1
Q9Y3B4:Q9Y3B4,1,0
Q9Y3B9:Q9Y3C1,0,0
Q9Y3D8:Q9Y6J9,-1,-1
Q9Y584:Q9Y5J6,-1,0
